id,0,11,13,14
## Translators
#13 SChinese:fivefirex&ZeMingOH233  2T&MC-AS-Huier&xiaojin (Edit: Tanakanira)
#14 TChinese: NetherDragon_Tw (Edit: Soukunsandesu)
#15 Schincese New Roles: MC-AS-Huier

## 役職
Neutral,Neutral and Coven,第三陣営,中立阵营(包括巫师),中立陣營
SubRole,Modifiers,サブ役職,附加职业,附加職業
CovenChat,Coven Roles,Coven Roles,巫师角色,巫師陣營

# バニラ役職
Crewmate,Crewmate,クルーメイト,船员,船員
Engineer,Engineer,エンジニア,工程师,工程師
Scientist,Scientist,科学者,科学家,科學家
GuardianAngel,GuardianAngel,守護天使,守护天使,守護天使
Impostor,Impostor,インポスター,内鬼,偽裝者
Shapeshifter,Shapeshifter,シェイプシフター,变形者,變形者

# 特殊インポスター役職
BountyHunter,BountyHunter,バウンティハンター,赏金猎人,賞金獵人
Mare,Mare,メアー,梦魇,黑暗博士
FireWorks,FireWorks,花火職人,烟花商人,煙火工匠
SerialKiller,SerialKiller,シリアルキラー,嗜血杀手,連環殺手
ShapeMaster,ShapeMaster,シェイプマスター,千面鬼,變形大師
Vampire,Vampire,ヴァンパイア,吸血鬼,吸血鬼
Warlock,Warlock,ウォーロック,术士,術士
Witch,Witch,ウィッチ,女巫,女巫
Mafia,Mafia,マフィア,黑手党,黑手黨
EvilWatcher,Evil Watcher,イビルウォッチャー,邪恶的窥视者,邪惡的觀察者
Puppeteer,Puppeteer,パペッティア,傀儡师,傀儡師
TimeThief,TimeThief,タイムシーフ,蚀时者,時間小偷
Sniper,Sniper,スナイパー,狙击手,狙擊手
Silencer,Silencer,Silencer,沉默者,消音器
CorruptedSheriff,CorruptedSheriff,CorruptedSheriff,贪污的警长,腐敗的警官
Swooper,Swooper,Swooper,Swooper
Camouflager,Camouflager,Camouflager,Camouflager

# マッドメイト系役職
Madmate,Madmate,マッドメイト,叛徒,叛徒
MadGuardian,MadGuardian,マッドガーディアン,背叛的守卫,背叛的天使
MadSnitch,MadSnitch,マッドスニッチ,背叛的告密者,背叛的告密者
SKMadmate,SideKickMadmate,サイドキックマッドメイト,叛徒小弟,叛徒跟班

# 両陣営可能役職
Watcher,Watcher,ウォッチャー,窥视者,觀察者

# 特殊クルー役職
NiceWatcher,Nice Watcher,ナイスウォッチャー,正义的窥视者,正義的觀察者
Bait,Bait,ベイト,诱饵,誘餌
Veteran,Veteran,Veteran,老兵,老將
Lighter,Lighter,ライター,执灯人,小燈人
Mayor,Mayor,メイヤー,市长,市長
SabotageMaster,SabotageMaster,サボタージュマスター,修理大师,破壞大師
Sheriff,Sheriff,シェリフ,警长,警長
Investigator,Investigator,Investigator,Investigator
Arsonist,Arsonist,アーソニスト,纵火犯,縱火犯
Snitch,Snitch,スニッチ,告密者,告密者
SpeedBooster,SpeedBooster,スピードブースター,增速者,加速器
Doctor,Doctor,ドクター,医生,醫生
Trapper,Trapper,トラッパー,陷阱师,設陷者
Dictator,Dictator,ディクテーター,独裁者,獨裁主義者
Child,Child,Child,小孩,小孩
Sleuth,Sleuth,Sleuth,侦探,偵探
Medium,Medium,Medium,Medium
Bastion,Bastion,Bastion,埋雷兵,炸彈師
Demolitionist,Demolitionist,Demolitionist,同命爆手,拆遷者

# 第三陣営役職
Jester,Jester,ジェスター,小丑,小丑
Terrorist,Terrorist,テロリスト,恐怖分子,恐怖分子
Executioner,Executioner,エクスキューショナー,处刑人,劊子手
SchrodingerCat,SchrodingerCat,シュレディンガーの猫,薛定谔的猫,薛定諤的貓
CSchrodingerCat,SchrodingerCat,シュレディンガーの猫,薛定谔的猫,薛定諤的貓
MSchrodingerCat,SchrodingerCat,シュレディンガーの猫,薛定谔的猫,薛定諤的貓
EgoSchrodingerCat,SchrodingerCat,シュレディンガーの猫,薛定谔的猫,薛定諤的貓
JSchrodingerCat,SchrodingerCat,シュレディンガーの猫,薛定谔的猫,薛定諤的貓
Opportunist,Opportunist,オポチュニスト,投机者,投機主義者
Egoist,Egoist,エゴイスト,野心家,利己主義者
Lovers,Lovers,恋人,恋人,戀人
Jackal,Jackal,ジャッカル,豺狼,豺狼
PlagueBearer,PlagueBearer,PlagueBearer,疫医,疫醫
Pestilence,Pestilence,Pestilence,传染者,感染者
Juggernaut,Juggernaut,Juggernaut,欲望杀人魔,巨人
Vulture,Vulture,Vulture,秃鹫,禿鷹
Werewolf,Werewolf,Werewolf,狼人,狼人
TheGlitch,The Glitch,The Glitch,混沌,毛刺
GuardianAngelTOU,Guardian Angel,Guardian Angel,守护天使,守護天使
Amnesiac,Amnesiac,Amnesiac,失忆师,遗忘大师
Hacker,Hacker,Hacker,黑客,黑客
BloodKnight,Blood Knight,BloodKnight,BloodKnight

# Coven 
Coven,Coven,Coven,巫师,巫師
Poisoner,Poisoner,Poisoner,毒师,毒藥
CovenWitch,Witch,Witch,女巫,巫婆
HexMaster,Hex Master,Hex Master,六芒星法师,妖術大師
PotionMaster,Potion Master,Potion Master,药剂师,藥水大師
Medusa,Medusa,Medusa,美杜莎,美杜莎
Mimic,Mimic,Mimic,模仿大师,模仿者
Necromancer,Necromancer,Necromancer,亡灵法师,死靈法師
Conjuror,Conjuror,Conjuror,魔术师,魔術師

# Modifiers
Flash,Flash,Flash,闪电侠,閃電俠
TieBreaker,TieBreaker,TieBreaker,残局终结者,殘局終結者
Oblivious,Oblivious,Oblivious,胆小鬼,膽小鬼,
Bewilder,Bewilder,Bewilder,患者,致幻師
Torch,Torch,Torch,火炬手,火炬手

# HideAndSeek
HASFox,Fox,狐,狐狸,狐妖
HASTroll,Troll,トロール,猎人,誘捕者

# GM
GM,GM,GM,GM(管理员),GM(遊戲大師)

# 属性
LastImpostor,Last Impostor,ラストインポスター,绝境者,絕境者

# その他
TeamImpostor,Team Impostors,インポスター陣営,内鬼阵营,狼人陣營


## 役職説明ショート
NeutralInfo,NEUTRAL - A team on their own.,他のどの陣営にも属さない孤高の陣営,是不属于其他阵营的独立阵营,你屬於一個獨立陣營且不受其他陣營或職業的獲勝條件引響
CovenIntroInfo,COVEN - A team of Witches on their own.,他のどの陣営にも属さない孤高の陣営,是不属于其他阵营的独立阵营,你屬於一個獨立陣營且不受其他陣營或職業的獲勝條件引響

# 特殊インポスター役職
BountyHunterInfo,Hunt your bounty down,標的を確実に仕留めよう,猎杀你的赏金目标,將你的目標拿下
MareInfo,Kill in the dark,闇の世界で暗殺せよ,在黑暗中作案,在黑暗中獵殺
FireWorksInfo,Bloom at the last,最後に一華咲かせよう,一起来看最后的烟花吧,在最後時刻來看煙火秀吧
SerialKillerInfo,You crave blood,殺人衝動が抑えられない,你渴望鲜血，抑制不住你的冲动,你無法抑制你的殺人衝動
ShapeMasterInfo,Shapeshift and confuse the Crewmates,変身して敵を混乱させよう,变幻成其他人来迷惑敌人,變換外表來迷惑他人
VampireInfo,Bite the Crewmates,クルーを噛んで全滅させよう,吸干他人的血,使用你的牙齒吸乾所有人的血吧
WarlockInfo,Curse the Crewmates,敵を呪い殺そう,给你的敌人下咒,詛咒並殺光你的敵人
WitchInfo,Spell the Crewmates,敵に魔術をかけよう,诅咒你的敌人,使用你的魔法來讓你的敵人死亡
MafiaInfo,Help the Impostors to kill everyone,インポスターの援助をしよう,帮助其他内鬼杀掉所有人,幫助狼人殺死所有人
BeforeMafiaInfo,You can't kill yet,今はキルをすることができない,潜伏以等候时机,潛伏以等待時機
AfterMafiaInfo,It's time to kill,サボを活用して皆殺しにしよう,杀光所有人,殺光所有人吧
PuppeteerInfo,Force the Crewmate to kill,敵を操って皆殺しにしよう,操纵敌人，杀光船员,操控對象並殺光所有船員
TimeThiefInfo,Kill the Crewmates to steal discussion time,敵を殺し、会議時間を奪おう,杀死所有船员并偷取时间,殺光你的敵人並將會議時間縮短
SniperInfo,Shoot the Crewmates in the distance,狙い撃つぜ,瞄准敌人，射击！,讓你的敵人在你的狙擊下死亡
SilencerInfo,Silence Crewmates in Meetings,Silence Crewmates in Meetings,在会议上让船员阵营保持沉默,在會議上使船員保持沉默
LastImpostorInfo,You are the last one,残ったのはあなただけ,你是最后的希望…,你是狼村最後的希望...
CorruptedSheriffInfo,You betrayed the Crewmates,You betrayed the Crewmates,你禁受不住眼前的利益，成为了一个叛徒,你成為了一位叛徒
SwooperInfo,Turn invisible temporarily,Swooper,Swooper
CamouflagerInfo,Confuse the Crewmates of who's who,Camouflager,Camouflager

# マッドメイト系役職
MadmateInfo,Help the Impostors,インポスターの援助をしよう,帮助内鬼,幫助狼人
MadGuardianInfo,Finish your tasks to help the Impostors,タスクを済ませ、インポスターの援助をしよう,完成任务后来帮助内鬼,完成你的任務並幫助狼人
MadSnitchInfo,Finish your tasks to help the Impostors,タスクを済ませ、インポスターの援助をしよう,完成任务后来帮助内鬼,完成你的任務並幫助狼人
SKMadmateInfo,You are now on Team Impostors,サイドキックにされた,你是内鬼的伙伴，你要帮助他们,"你現在是狼人的夥伴了,盡你所能幫助他們"

# 両陣営可能役職
WatcherInfo,Keep your eyes on everyone's votes,みんなの投票に目を光らせよう,你可以看见所以人的选择，注意他们的选择,注意所有人的投票

# 特殊クルー役職
BaitInfo,Bait your enemies,敵を罠にはめよう,诱骗敌人，让敌人落入你的陷阱,"犧牲小我,完成大我"
VeteranInfo,Alert to Kill anyone who Interacts with You,Alert to Kill anyone who Interacts with You,警惕任何和你有互动的人,警告殺死任何與你互動的人
LighterInfo,Light all over,すべてを照らそう,照亮黑暗，让别人看清楚,照亮黑暗中的一切吧
MayorInfo,Your vote counts twice,自分の票が何倍もの力を持っている,你的投票更有分量,"你的票數更多,更有料"
SabotageMasterInfo,Fix sabotages faster,より早くサボタージュを直そう,请尽快修理破坏,盡快維修船上的破壞
SheriffInfo,Shoot the Impostors,インポスターを撃ち抜け,把内鬼统统执法掉,執法狼人們
InvestigatorInfo,Discover the Truth about their Role,Investigator,Investigator,
SnitchInfo,Finish your tasks to snitch out the Killers,タスクを早く済ませよう,完成任务来找出内鬼,完成你的所有任務來找到狼人們
SpeedBoosterInfo,Boost the players,走らせろ,让其他人跑起来吧,讓其他人跑得更快
DoctorInfo,Access vitals and cause of death,斯くして奴は死んだ,调查他人死因,看見他們的死因
TrapperInfo,Trap your enemies,敵を罠にはめよう,引诱敌人落入你的陷阱当中,讓你的敵人受困於陷阱中
DictatorInfo,Hang your enemy based on your own judgement,独裁政治をしよう,让我统治世界，拥有无上的权利,讓所有人臣服於你
ChildInfo,No one will Harm You,No one will Harm You,在你长大之前没有人敢伤害你,在你長大前都不敢擊殺你
SleuthInfo,Discover the Unknown,Discover the Unknown,你发现了一些关于死者的线索,你發現了一些線索
MediumInfo,Find out what killed who,Medium,Medium
BastionInfo,Blow up Venters,Bastion,把通风管道全部炸掉吧！,
DemolitionistInfo,Blow up the Killer,Demolitionist,炸死凶手,


# 第三陣営役職
ArsonistInfo,Douse and ignite to kill everyone,燃やせ,火焰给我燃烧起来吧！,"燒吧,燒吧,燃燒吧"
JesterInfo,Get voted out,追放されよう,想办法让人怀疑把你投出去,想個辦法讓你被投出去
OpportunistInfo,Stay alive,とにかく生き残りましょう,苟着吧，苟也是个不错的选择,做點什麼事來讓你存活
SchrodingerCatInfo,Side with your enemies,殺された陣営に所属しろ,加入击杀你的阵营,打不過就加入
CSchrodingerCatInfo,You are now on Team Crewmates,クルーメイトの味方になった,你加入了船员阵营，要帮助船员找出内鬼,"你現在變成船員了,幫助船員們找出狼和中立帶刀者"
MSchrodingerCatInfo,You are now on Team Impostors,インポスターの味方になった,你加入了内鬼阵营，要掩护内鬼同伴,"你現在變成狼人了,但是你不能砍人,盡量掩護你的隊友的身分"
EgoSchrodingerCatInfo,You are now on Team Egoists,エゴイストの味方になった,你成为了野心家的伙伴,"你是利己主義者的跟班"
JSchrodingerCatInfo,I sided with Jackal as Sidekick,ジャッカルの味方になった,你是豺狼的跟班，传宗接代是个好选择,"你是豺狼的跟班,盡量幫助他"
TerroristInfo,Die after finishing your tasks,タスクを済ませ、自爆しよう,都别想活着，和我一起同归于尽！,"一個一個來,都別想給我活!"
ExecutionerInfo,Get your target voted out,ターゲットを追放させよう,不惜一切代价把你的目标票出去！,"想出一切辦法來投出你的目標"
EgoistInfo,Replace the Impostor win,インポスター勝利を独占しよう,我们要把属于内鬼的胜利给夺走！,讓我們來奪取狼人的勝利
LoversInfo,Survive with your lover,恋人と生きて幸せを掴もう,你坠入了爱河，成为了一对恋人，一起活到最后吧！,你墜入了愛河(心理)
JackalInfo,Kill Everyone and Last Alone,すべてを殺せ,快去杀光所有人，一只苍蝇都不要剩下！,殺光所有人不留活口
PlagueBearerInfo,Infect Everyone and Become Pestilence,Infect Everyone and Become Pestilence,请把所有人都感染了，引起大型瘟疫,快去把所有人都感染
PestilenceInfo,Kill Everyone and Leave None,Kill Everyone and Leave None,把所有人杀都杀光一只蚊子都不要剩,殺光所有人
JuggernautInfo,Your cooldown decreaes with Each Kill,Your cooldown decreaes with Each Kill,你杀的人越多就会越兴奋，击杀冷却时间也会越短,殺人會讓擊殺冷卻時間縮短
VultureInfo,Eat bodies by clicking Report,Eat bodies by clicking Report,通过报告键来吞噬尸体,通過點擊報告來吃屍體
WerewolfInfo,Rampage to Kill Everyone,Rampage to Kill Everyone,狂暴地杀死所有人,
TheGlitchInfo,foreach PlayerControl Glitch.MurderPlayer,foreach PlayerControl Glitch.MurderPlayer,操控其他船员杀死所有人,
GuardianAngelTOUInfo,Protect your Target from Attacks,Protect your Target from Attacks,保护你的目标免受攻击,
AmnesiacInfo,Report a body to Steal a Role,AmnesiacInfo,报告可以窃取尸体的职业,
HackerInfo,Fix all the Issues,Hacker,解决所有问题,
BloodKnightInfo,Each kill strengths You for a Bit,BloodKnight,BloodKnight

# Coven 
CovenInfo,Support your Leader,Support your Leader,支援你的领袖,支持你的領袖
PoisonerInfo,Poison a crewmate to kill them in a few seconds,PoisonerInfo,毒师信息,毒物信息
CovenWitchInfo,Taglock players to kill others,WitchInfo,巫师信息,女巫資訊
HexMasterInfo,Hex everyone to then kill them all with a Hex Bomb,Hex MasterInfo,六芒星法师信息,十六進制主信息
PotionMasterInfo,Use your potions and kill everyone.,Potion MasterInfo,药剂师信息,藥劑師信息
MedusaInfo,Stone gaze to kill anyone who interacts with you,MedusaInfo,美杜莎信息,美杜莎資訊
MimicInfo,Mimic an unused Impostor role,MimicInfo,模仿大师信息,模仿者信息
NecromancerInfo,Become a killing role from outside the Coven,NecromancerInfo,亡灵法师信息,死靈法師印
ConjurorInfo,Place acid traps to kill the next player that enters it,ConjurorInfo,魔术师信息,魔術師信息

# Modifiers
FlashInfo,SUPERSPEED!!!,Flash,速度*Max，你是一束光,
TieBreakerInfo,Your vote breaks Ties,TieBreaker,你的投票打破了平衡,
ObliviousInfo,You cannot report Bodies,Oblivious,你不能报告尸体,
BewilderInfo,Let the Killer steal your Vision,Bewilder,被击杀时，会感染凶手的视野,
TorchInfo,Lights do not affect your Vision,Torch,熄灯不会破坏你的视野,

# HideAndSeek
HASFoxInfo,Stay alive,とにかく生き残りましょう,活下去吧！活到最后你就成为了赢家！,活到最後就是屬於你和贏家的一片天
HASTrollInfo,Get killed,自爆しよう,轰！你为了同伴牺牲了！,"讓狼人砍你 偷襲!"

# GM
GMInfo,You're the Game Master,ゲームマスターだ,你是管理员，在旁边看戏吧,當吃瓜群眾在一旁看戲吧

## 役職説明ロング

# 特殊インポスター役職
BountyHunterInfoLong,"(Impostors):\nIf the BountyHunters kill their designated target, their next kill cooldown will be much less than usual.\nKilling a player except their current target results in an increased kill cooldown.\nTargets are changed at regular intervals.",(インポスター陣営):\n表示されたターゲットをキルした場合、次のキルクールがとても短くなる。\nターゲットではないプレイヤーをキルした場合は、キルクールが伸びてしまう。\nターゲットは一定時間ごとに変更される。,(内鬼阵营):\n如果赏金猎人击杀了正确的目标，冷却将缩短。\n如果击杀了错误的目标，则冷却保持不变。,"(狼人陣營):\n如果賞金獵人殺了賞金目標,下一次的殺人冷卻會變得非常的短\n如果賞金獵人殺了非賞金目標,下一次的殺人冷卻將會被延長或不變\n目標將會重置在時間結束或殺死賞金目標後。"
FireWorksInfoLong,"(Impostors):\nThey can put a few fireworks by Shapeshift.\n After setting everything, you can ignite all at once by shapeshift when you are the last Impostor.\nOnly after that you can kill.",(インポスター陣営):\n変身することで花火を最大3か所に設置可能。\nすべて設置した後、インポスター最後の生き残りになった時に再度変身することで一斉起爆できる。\n花火が設置されている間はキルできない。,(内鬼阵营):\n烟花商人可以安放烟花炸弹，造成范围性杀伤。\n烟花商人在变形状态下可以安放至多三个烟花炸弹。\n当存活的内鬼阵营玩家仅剩烟花商人且烟花炸弹安置完毕时，烟花商人可以在变形状态下引爆炸弹。\n直到安放并引爆所有烟花炸弹，烟花商人不可以进行击杀。\n烟花炸弹可以炸死烟花商人。\n如果烟花炸弹的爆炸导致所有存活玩家被炸死，内鬼阵营获胜。,"(狼人陣營):\n煙火工匠可以放置最多3個煙火在不同的地方.\n當煙火工匠設定好所有東西且煙火工匠是最後一隻狼時,煙火工匠可以將所有人引到你放置煙火的地方並使用變形來讓煙火爆炸.\n但是煙火工匠在他還沒放置完所有煙火前不能殺人,\n如果爆炸讓所有存活的玩家死亡,則狼人陣營獲勝。"
SerialKillerInfoLong,"(Impostors):\nSerialKiller has even shorter kill cooldown.\nUnless taking a kill by deadline, they murder themselves instantly.",(インポスター陣営):\nキルクールが他のインポスターに比べて短い反面、変身のクールタイムが明ける前にキルしないと自爆する。,(内鬼阵营):\n嗜血杀手的冷却因为他的欲望而更快。\n嗜血杀手若不在一定时间内进行击杀，就会受不了欲望自杀。,"(狼人陣營):\n連環殺手的殺人冷卻是所有狼人中最短的一個,\n但是如果連環殺手沒有在自殺倒數時間前殺人,連環殺手將會自殺"
ShapeMasterInfoLong,"(Impostors):\nShapeMaster has no Shapeshift cooldown.\nOn the other hand, their default Shapeshift duration is shorter (default: 10s).",(インポスター陣営):\nシェイプシフトに特化したインポスター。\n変身持続時間が通常のシェイプシフターよりも短い半面、変身解除後のクールダウンがなく無限に変身することができる。\n変身継続時間は設定で変更が可能。,(内鬼阵营):\n千面鬼变形持续时间短于普通变形者。\n千面鬼没有变形冷却与次数限制。\n千面鬼变形的持续时间根据房间设置的改变而改变。,"(狼人陣營):\n變形大師是一隻在變形事業上有成的一隻狼\n變形大師的變形冷卻會比一般的變形者還要短上許多,變形大師的變形技能沒有冷卻,這意味著變形大師可以在變形結束後立刻變形\n變形大師的變形冷卻可以在設定中更改。"
MareInfoLong,"(Impostors):\nThey can only kill while lights are out, but next kill cooldown will be half.\nWhile lights out they can move faster, and yet their name looks red by everyone.",(インポスター陣営):\n停電の時だけキルができるインポスター。\nキルに成功すると次のキルクールが半分になる。\n移動速度も停電中は早くなるが名前が赤くなる。,(内鬼阵营):\n梦魇不在照明破坏持续时间内不能击杀。\n若夜魇击杀成功，夜魇的击杀冷却变成原来的一半。\n此外，照明破坏持续时间内夜魇的移动速度也会增加，\n并且，这段时间内所有玩家都能看到夜魇的名字为红色。,"(狼人陣營):\n黑暗博士在燈還沒關閉前不能殺人\n但是當燈關閉時,如果他殺人,他的冷卻會減少一半\n並且他的的移動速度會變快,但是他的的名字會變成紅色且所有玩家可見。"
VampireInfoLong,"(Impostors):\nThe Vampires can bite players instead of kill.\nBitten players die after a configurable amount of time or just before emergency meeting call.\nWhen biting the [Baits](#Bait), However, they take a no delaykill and are forced to self report.",(インポスター陣営):\nプレイヤーを噛む事で遅延キルが可能。\n(時間が経過or会議が始まると死亡する。)\nベイトの場合即死亡し、強制的に通報が入る。,(内鬼阵营):\n在吸血鬼尝试击杀时，击杀不会立即发生，而是延迟一段时间执行。\n吸血鬼的击杀没有击杀动画。\n若这段时间内游戏进入会议阶段，被击杀目标立即死亡。\n被击杀目标为诱饵时，吸血鬼的击杀被视为普通击杀。,"(狼人陣營):\n通過咬玩家的方式來讓延遲殺人變成可能.\n(被咬的玩家將會死亡在時間結束或會議開始時.)\n若嘗試吸血的對象為誘餌,則會顯示正常殺人。"
WarlockInfoLong,"(Impostors):\nThe Warlocks can curse another players before Shapeshift.\nWhen they Shapeshift after cursing, the player next to the cursed is killed no matter how far away they are.\nWhile Shpashifting, you can perform normal kills.",(インポスター陣営):\nキルをすると一番近くの人に呪いがかかる。\n次から変身ボタンを押すと、呪われた人が一番近い人をキルする。\n変身した場合、普通のキルになる。\nまた、１ターンに１人しか呪うことはできない。,(内鬼阵营):\n术士在不变形状态下击杀时，目标会被诅咒。\n当术士变形，最靠近被诅咒玩家的船员会被击杀。,"(狼人陣營):\n當術士嘗試殺人時會轉變會下咒.\n當術士下一次變形成其他人時,被詛咒的玩家將會殺死一個離他最近的人(可以穿牆砍) \n如果術士變形再殺人,術士就可以正常殺人。"
WitchInfoLong,"(Impostors):\nThe Witches can perform kills or spells by turns.\nThe players spelled by Witches before a meeting are marked 'cross' in the meeting,\nand unless exiling Witches, They all die just after the meeting.",(インポスター陣営):\nキルをすると「Kill」と「Spell」が切り変わる。\nSpellの表示でキルすると呪うことが出来る。\n呪いをかけられた人は会議で「†」が付き魔女を追放しなければ会議後に死亡する。,(内鬼阵营):\n通过点击击杀按钮，女巫可以在击杀模式与法术模式间切换，在法术模式下击杀可以对目标施法。\n被施法的目标会在会议上得到对全员可见的施法标记。如果直到会议结束女巫仍然存活，被施法的目标死亡。,"(狼人陣營):\n殺人按鍵會在'殺人'和'下咒'這兩個模式間切換,當顯示下咒模式時按下按鍵可以下咒一個離你最近的人\n被下咒的對象在會議上的名字會有一個'†'標記\n如果女巫在會議沒有被投出,則被下咒對象將死於會議後。"
MafiaInfoLong,"(Impostors):\nInitially, the Mafias cannot kill (still have a button).\nThey will be able to kill after Impostors except them are all gone.",(インポスター陣営):\n初期状態ではキルが封じられている。\n仲間が全員死亡後、自身もキルが可能になる。,(内鬼阵营):\n黑手党在游戏中有其他内鬼存活时不可以进行击杀。,"(狼人陣營):\n在遊戲開始時,黑手黨沒有刀\n但是當他所有的隊友死亡後,他就可以開始殺人。"
PuppeteerInfoLong,"(Impostors):\nThey can perform secondhand kills but cannot kill like other Impostors.\nTheir direct kill is blocked, but instead, the protected player forcibly kills another player first getting in kill range.",(インポスター陣営):\nキルした対象に、対象が次に近づいたクルーをキルさせる事ができる。\n対象がキルした相手がキルされた瞬間に発動するものであった場合、対象にその効果が反映される。\n普通のキルを行うことはできない。,(内鬼阵营):\n傀儡师的击杀对象会击杀其遇到的下一个船员。\n若后者在接触的同时死亡，则前者死亡。\n傀儡师不可以执行正常击杀。,"(狼人陣營):\n當傀儡師嘗試殺人時,\n他會下咒離他最近的一個人,接著如果碰到非狼人陣營的人並且在殺人範圍內,\n被下咒對象將會砍死他且效果不再持續,\n傀儡師無法正常殺人。"
TimeThiefInfoLong,"(Impostors):\nEvery kill cuts down discussion and voting time in meeting.\nDepending on option, the lost time is returned after they die.",(インポスター陣営):\nキルを行うと会議時間が減少する。\nタイムシーフが追放または殺害されると、失われた会議時間が返ってきます。,(内鬼阵营):\n蚀时者每击杀一个人，会议持续时间将减少一定时间。\n如果蚀时者死亡，被偷取的时间的会议时间会返还。,"(狼人陣營):\n時間小偷每次殺人將會減少會議時間\n如果時間小偷被丟出或被殺死,減少的會議時間將會回來"
SniperInfoLong,(Impostors):\nSniper can shoot players so far away.\nthey kill a player on the extension line from Shapeshift point to release point.\nYou can perform normal kills after all bullets run out.,(インポスター陣営):\n遠くの敵を狙撃できるインポスター。\nシェイプシフトした地点から解除した地点の延長線上の敵を一人撃ち抜く。\n撃ちきるまで通常キル出来ない。,(内鬼阵营):\n狙击手拥有远距离击杀的能力。\n狙击手化形后，其击杀能够将其现在为止与化形时所处位置连线及其延长线上的一名玩家击杀。\n狙击手的子弹耗尽前，狙击手不可以进行通常击杀。",(狼人陣營):\n狙擊遠處的敵人\n子彈將從變形處延伸到取消變形處並往直線前進並殺死在這條線上非狼人陣營的人\n狙擊手無法正常殺人在狙擊手用光子彈前。"
SilencerInfoLong,"(Impostors):\nThe first killing attempt will silence the crewmate in the next meeting. After that, you are a regular impostor.","(Impostors):\nThe first killing attempt will silence the crewmate in the next meeting. After that, you are a regular impostor.","(内鬼阵营):n第一次尝试杀人将在下一次会议上让船员朋友沉默。在那之后，你就是一名普通的内鬼了.",
CorruptedSheriffInfoLong,"(Impostors):\nA Corrupted Sheriff, or Traitor, spawns when the last Impostor is voted off inside a meeting or killed.\nNo Traitor will spawn if the Impostor died by other means.\nThe Traitor will replace the Sheriff role always when Corrupted Sheriff is not at 0%.\nYou can also make it so there is a minimum number of players for Traitor to spawn.\nOtherwise, it is just a regular Impostor with nothing different.","(Impostors):\nA Corrupted Sheriff, or Traitor, spawns when the last Impostor is voted off inside a meeting.\nNo Traitor will spawn if the Impostor died by other means.\nThe Traitor will replace the Sheriff role always when Corrupted Sheriff is not at 0%.\nYou can also make it so there is a minimum number of players for Traitor to spawn.","(内鬼阵营）：当最后一个内鬼在会议中被投票淘汰时，就会产生一个贪污的警长，或叛徒。\n如果内鬼以其他方式死亡，则不会产生叛徒。\n当贪污的警长没有达到0%时，叛徒将永远取代警长的角色。\n你也可以设置最低叛徒数量。",
SwooperInfoLong,"(Impostors):\nThe Swooper can vent to temporarily turn invisible. This means if the Swooper kills demolitionist, it is over for the Swooper. The Swooper can never vent.","(Impostors):\nThe Swooper can vent to temporarily turn invisible. This means if the Swooper kills demolitionist, it is over for the Swooper. The Swooper can never vent.","(Impostors):\nThe Swooper can vent to temporarily turn invisible. This means if the Swooper kills demolitionist, it is over for the Swooper. The Swooper can never vent."
CamouflagerInfoLong,"(Impostors):\nThe Camouflager can shift to temporarily make everyone gray. After shifting, everyone has no name and no cosmetics. When a body is called or after the duration is up, they turn back to their regular player.","(Impostors):\nThe Camouflager can vent to temporarily make themselves gray. While gray, they have no name and no cosmetics. When a body is called or after the duration is up, they turn back to their regular player.","(Impostors):\nThe Camouflager can vent to temporarily make themselves gray. While gray, they have no name and no cosmetics. When a body is called or after the duration is up, they turn back to their regular player."

# マッドメイト系役職
MadmateInfoLong,"(Impostors):\nCrewmate, but they belong to team Impostors, but they don't know who are Impostors.\nImpostor and are unrecognizable to each other. Can use vent, no tasks.",(インポスター陣営):\nクルーだがインポスターの味方をする。\nインポスターと互いに認識できない。\nベントが使え、タスクはない。,(内鬼阵营):\n叛徒不可以击杀或者破坏，可以跳管道。,"(狼人陣營):\n船員,但是他們屬於狼人陣營.\n狼人無法知道叛徒是誰,\n他可以跳洞且沒有任務。"
MadGuardianInfoLong,"(Impostors):\nCrewmate, but they belong to team Impostors, one type of Madmates.\MadGuardian cannot use vents, while they can guard kills by Impostors after finishing all tasks.",(インポスター陣営):\nクルーだがインポスターの味方をする。\nインポスターと互いに認識できない。\nタスクを全て完了させるとｼｰﾙﾄﾞが付与される。,(内鬼阵营):\n背叛的守卫不可以击杀、破坏或使用管道。\n背叛的守卫完成任务之后，可以免疫所有击杀。,"(狼人陣營):\n船員,但是他們屬於狼人陣營.\n狼人和他們無法互相知道誰是叛徒,誰是狼\n當背叛的天使完成所有任務時,他將有一個盾牌。"
MadSnitchInfoLong,"(Impostors):\nCrewmate, but they belong to team Impostors, one type of Madmates.\nThey can see who is the Impostor after finishing all their tasks.\nDepending on option, they can use vents.",(インポスター陣営):\nクルーだがインポスターの味方をする。\nインポスターと互いに認識できないが、タスクを全て完了させるとマッドスニッチからインポスターを認識できるようになる。,(内鬼阵营):\n背叛的告密者与内鬼不互认，不可以击杀、破坏或者使用管道。\n背叛的告密者完成所有任务之后，其与内鬼互认。,"(狼人陣營):\n船員,但是他們屬於狼人陣營.\n狼人和他們無法互相知道誰是叛徒,誰是狼\n當背叛的告密者做完任務時,狼人和背叛的告密者將可以互相知道對方。"
SKMadmateInfoLong,(Impostors):\nThe SidekickMadmate is an acquired Madmate Role assigned by Impostors in task phases.\nSome kind of Shapeshifter-based Impostors can give SidekickMadmate by Shapeshifting next to a target.\nThey have no tasks.,(インポスター陣営):\n変身した際に一番近かった人がなれる役職。タスクはない。,(内鬼阵营):\n一些内鬼职业变形时，其附近的与其距离最近的玩家的职业有概率转化为该职业。\n被收买的叛徒与内鬼不互认。,"(狼人陣營):\n當狼人變形時\n離狼人變形最近的一個人將有機率轉化為叛徒跟班\n他沒有任務,且叛徒跟班與狼人無法互相知道。"

# 両陣営可能役職
WatcherInfoLong,(Impostors or Crewmates):\nThe Watchers can see colored votes regardless of anonymous votes.,(インポスターorクルーメイト陣営):\n全員の投票先を見ることができる。,(内鬼阵营或船员阵营):\n会议时窥视者可以看到所有人的投票。,(狼人或船員):\n會議時觀察者可以看到所有人的投票。

# 特殊クルー役職
BaitInfoLong,"(Crewmates):\nWhen killed, they force the killer to self report in no time.",(クルーメイト陣営):\nキルされた時に、自身をキルした人に\n強制的にセルフレポートさせる事ができる。,(船员阵营):\n诱饵被击杀时，击杀诱饵的凶手将被迫报告。,"(船員):\n當被殺時,兇手將強制自行舉報"
VeteranInfoLong,"(Crewmates):\nVeteran can vent to activate their Alert function.\nWhen alerted, any role that interacts with the Veteran, will die.\nSettings can choose the duration, cooldown, and how many alerts. \nOnly 1 Veteran can exist per game.","(Crewmates):\nVeteran can vent to activate their Alert function. \nWhen alerted, any role that interacts with the Veteran, will die. \nSettings can choose the duration, cooldown, and how many alerts.\nOnly 1 Veteran can exist per game.",(船员阵营):\n老兵可以通过使用管道以激活他们的警报功能。\n当警报响起时，任何与老兵互动的角色都会死亡。\n可以通过设置选择持续时间、冷却时间和警报的数量。\n每个游戏只能有一个老兵。",
LighterInfoLong,"(Crewmates):\nAfter finishing all the task, The lighters have their vision expanded and ignore lights out.",(クルーメイト陣営):\nタスクを終わらせると、自分の視界を広げることができる。,(船员阵营):\n执灯人完成任务后，视野会扩大，且不受照明破坏影响。,"(船員):\n當做完所有任務時可以增大視野且不受關燈影響"
MayorInfoLong,"(Crewmates):\nThe Mayors' votes count twice or more.\nDepending on the options, they can call emergency meeting by entering vents.",(クルーメイト陣営):\n会議の票を複数持ち、まとめて一人または\nスキップに入れることができる。(設定有),(船员阵营):\n市长的一票等价于多个玩家的票数。(可以进行设置),"(船員):\n可以一次投很多票並可以將它灌到一個人身上或跳過 (可以設定票數)"
SabotageMasterInfoLong,"(Crewmates):\nthey can fix both of Communications in MIRA HQ, Reactor and O2 by fixing either.\nLights can be fixed by touching a single lever.\nOpening a door will open all the linked doors.",(クルーメイト陣営):\nリアクター・O2・通信妨害を一人で修理可能。\n停電は一箇所のレバーに触れる事で全て直る。\nドアを開けるとその部屋の全てのドアが開く。,(船员阵营):\n氧气泄露、核反应堆熔毁以及米拉总部的通讯破坏维修大师只需要修复一边则另一边即可同时被修复。\n维修大师只需要按一个开关便可以修复照明破坏。\n维修大师打开波鲁斯与飞艇地图的门时维修大师所在房间的所有门同时打开。,"(船員):\n反應堆,氧氣,通訊以及其他破壞可以破壞大師一個人修復\n關燈可以通過拉一根拉桿來\n開門將開啟該房間所有關閉中的的門。"
SheriffInfoLong,"(Crewmates):\nThe Sheriffs can kill Impostors.\nIf trying to kill the Crewmates, however, they will kill themselves instead.\nWhether or not they can kill Madmates or Neutrals is up to each option.\nThey have no tasks.",(クルーメイト陣営):\nインポスター陣営をキルすることができる。\n※第三陣営をキル可能にする設定有。\nｸﾙｰﾒｲﾄをキルすると自殺する。タスクはない。,(船员阵营):\n警长可以击杀内鬼（根据房间设置，警长也可以击杀中立阵营玩家）。\n警长若尝试击杀内鬼阵营以外的玩家，警长将会走火。\n警长没有任务。,"(船員):\n警長可以殺死狼人陣營的人,\n*可以設定中立陣營是否可以被殺\n警長若槍到好人陣營將會自殺,警長沒有任務。"
InvestigatorInfoLong,"(Crewmates):\nThe Investigator can investigate people to find out if their role is bad or not. Use the kill button to investigate. The Veteran can kill you if the option is turned on.","(Crewmates):\nThe Investigator can investigate people to find out if their role is bad or not. Use the kill button to investigate. The Veteran can kill you if the option is turned on.","(Crewmates):\nThe Investigator can investigate people to find out if their role is bad or not. Use the kill button to investigate. The Veteran can kill you if the option is turned on."
SnitchInfoLong,"(Crewmates):\nWhen finishing all the tasks, the Snitches can see Impostors with their red player name.\nWhen the Snitches have one task left, they will be revealed to the Impostors",(クルーメイト陣営):\nタスク完了と同時にインポスターの名前の色が\n赤く表示され逆に自身のタスクが少なくなると\n名前の横に★が表示されｲﾝﾎﾟｽﾀｰに暴かれる。,(船员阵营):\n告密者完成所有任务后，所有内鬼的昵称在告密者来看将变为红色显示。\n当告密者剩余任务到达一定数量时，内鬼会收到提示。\n（注:恋人告密者的技能失效）,"(船員):\n當告密者做完所有任務,狼人的名字將會變成紅色(僅告密者可見),\n但是當他剩下最後一個任務時,\n狼人會看見告密者頭上會有個星號標記。(中立或船員不可見)\n(P.S:戀人告密者技能失效)"
LoversInfoLong,"(Modifiers),\nThe Lovers are additionally assigned to two of all players.\nWin if the game ends with both lovers alive(except Crewmates task completion).\nIf one lover dies, the other lover suisides.",(第三陣営):\n全プレイヤーの中からランダムで2人に他の役職と重複して配役される第三陣営。\n恋人が2人とも生き残っている状態で試合終了すれば勝利。\n恋人の片方が死んだときにもう片方も死ぬ。クルーメイトのタスクが完了すると敗北。,恋人为两名玩家的组合。\n恋人存活到游戏结束则恋人独自获胜。\n船员阵营的恋人玩家没有任务。\n从恋人阵营玩家可以看到两名恋人玩家昵称旁有心形标志。\n恋人一同赴死。\n恋人中的一方在会议中被放逐时，另一方将死亡并变为不可以被报告的尸体。,"(中立),\n遊戲開始系統會隨機抽取兩人當戀人,該職業可以和其他職業屬於同一個玩家身上\n戀人將獲勝在遊戲結束時如果兩個戀人都活著.\n但是當一個戀人死去,另一個戀人也會跟著死去\n如果船員完成所有任務,戀人即宣告失敗。"
SpeedBoosterInfoLong,(Crewmates):Finishing all the tasks boosts the player speed of someone alive.,(クルーメイト陣営):\nタスクを終わらせると、ランダムな生存者のスピードを上げる事ができる。,(船员阵营):\n增速者完成所有任务后，场上任意一名存活玩家的速度将被加快。,"(船員):加速器做完任務時可以讓隨機的活著玩家速度加快"
DoctorInfoLong,"(Crewmates):\nThe Doctors have a portable vitals panel just like the vanilla Role Scientists.\nIn addtion, the Doctors can see all causes of death in meetings.",(クルーメイト陣営):\nプレイヤーの死因を知ることができる。\nまた、充電がある限りどこでもバイタルを確認できる。,(船员阵营):\n医生可以确认所有死亡玩家的死因。\n医生可以远程观看生命监测装置，观看持续时间与设备充能挂钩。,"(船員):\n醫生可以知道每個玩家的死因\n還有醫生有一個跟科學家一樣的心電圖,它也需要充電。"
TrapperInfoLong,(Crewmates):\nThe Trappers forbid the killer to move in the least for a configurable seconds.,(クルーメイト陣営):\nキルされると、キルした人を数秒間移動不可にすることができる。(設定有),(船员阵营):\n陷阱师被击杀时，凶手一段时间内将不能移动。,"(船員):\n如果設限者被殺,殺他的兇手將會被困在原地幾秒(可以設定)"
DictatorInfoLong,"(Crewmates):\nWhen you vote for someone in a meeting, they forcibly break that meeting and exile the player they vote for.\nAfter exercising the force, the Dictators die just after meeting.",(クルーメイト陣営):\n会議中に誰かに投票をすると、会議を強制終了させて投票先を吊る事ができる。\n投票したタイミングでディクテーターは死ぬ。,(船员阵营):\n会议阶段独裁者投票后，可以选择强制结束会议并放逐其投票对象。\n这技能发动后独裁者将会死亡。,"(船員):\n如果獨裁主義者在會議上投票給某位玩家,\n獨裁主義者將強制結束會議並無視場上票數將獨裁主義者投的那個人投出\n但是獨裁主義者將死於他投票的瞬間。"
ChildInfoLong,"(Crewmates):\nWhen you die by voting or killing, you instantly win. (Arsonist still wins even if Child is killed.)","(Crewmates):\nWhen you die by voting or killing, you instantly win.","(船员阵营):\n你被票出去或者被杀掉会因为你是小孩而获得胜利.",
SleuthInfoLong,"(Crewmates):\nThe Sleuth knows the role of the bodies they report.","(Crewmates):\nWhen a body is reported, you know the role of the body. You can make it so the Sleuth has to report.","(船员阵营):\n当报告尸体时你知道关于尸体的线索，你可以让侦探必须报告.",
BastionInfoLong,"(Crewmates):\nAs Bastion, vent inside a vent to place a bomb inside of it. \nAfterwards, if another Bastion or a role that can vent without being kicked out vents in that vent, they die. \nYou can only bomb 1 person per round.","(Crewmates):\nInfo unfinished.",(船员阵营):\n身为埋雷兵，你可以在通风管道中放置炸弹。\n如果其他可以进入通风管道的玩家进入这个通风管道，他将会死亡。\n每轮只能炸死一个人。,
DemolitionistInfoLong,"(Crewmates):\nWhen the Demolitionist is killed, they bomb the ground, giving the killer a few seconds to find a vent. \nIf they don't vent in time, the killer suicides. \nThe killer is marked with an Arsonist triangle.","(Crewmates):\nInfo unfinished.",(船员阵营):\n当同命爆手被击杀时，会对凶手的地面进行破坏，给凶手几秒中的时间去寻找通风管道。\n如果没有在规定时间内进入通风管道，凶手将会死亡。\n凶手会被标记“纵火犯”的三角形图标。,
MediumInfoLong,"(Crewmates):\nThe Medium is basically Sleuth but for the killer. When the Medium reports a body, they know the killer's role.","(Crewmates):\nThe Medium is basically Sleuth but for the killer. When the Medium reports a body, they know the killer's role.","(Crewmates):\nThe Medium is basically Sleuth but for the killer. When the Medium reports a body, they know the killer's role."

# 第三陣営役職
ArsonistInfoLong,(Neutrals):\nThey can douse other players by using the kill button and remaining next to the player for a few seconds.\nAfter dousing everyone alive the Arsonists can enter the vents to ignite which results in Arsonist win.,(第三陣営):\nキルボタンを使おうとすると、ターゲットに油を塗れる。\nすべてのクルーに油を塗ったら船を燃やして勝利する。,(中立阵营):\n在一名玩家附近时点击击杀按钮，纵火犯可以给那名玩家涂油。\n所有存活玩家都被纵火犯涂油后，纵火犯点火将会单独获得胜利。,"(中立):\n當縱火犯嘗試使用殺人鍵,它將對他身邊最近的一個人澆上油,\n當他對所有玩家澆上油之後,縱火縱火犯點火即勝利。"
JesterInfoLong,(Neutrals):\nThey win the game as a solo if they get voted out during a meeting. Can also be given the option to be able to vent.\nOtherwise Jester lose.,(第三陣営):\n会議で追放された時に単独勝利できる。\n追放されず試合が終了orキルされると敗北。,(中立阵营):\n小丑被放逐则小丑单独游戏胜利。\n游戏结束时若小丑仍存活则小丑输掉游戏。,"(中立):\n當小丑被丟出時即宣告小丑獲勝,\n但是小丑在遊戲結束時活下來或是在遊戲中被殺即宣告失敗"
TerroristInfoLong,(Neutrals):\nThe Terrorists win alone when killed or exiled with all of his tasks completed.,(第三陣営):\n自身のタスクを全て完了させた状態で\nキル・追放された時に単独勝利する。,(中立阵营):\n恐怖分子完成所有任务后死亡，则恐怖分子单独获得胜利。,"(中立):\n恐怖分子只要做完它的所有任務並且死亡即可獲勝"
ExecutionerInfoLong,"(Neutrals):\nThe Executioners are assigned their target with dark purple 'Diamond' sign next to the player name.\nThey win if the target is voted out.\nIf the target dies before voted out, the Executioner changes their Role and become Crewmate, Jester, or Opportunist according to a game option.\nIf the target is the Jester, the Executioners can be an additional winner.",(第三陣営):\nターゲットに対してこちらからのみ視認できるダイヤのマークがついている。\n投票でダイヤが付いている人を追放すれば単独勝利。ターゲットがキルされた場合は役職が変化する。\nターゲットがジェスターの場合は追加勝利する。,(中立阵营):\n游戏开始时处刑人得知一名处刑目标，用菱形图标在其昵称旁标志。\n处刑目标在会议中被放逐则处行者独自获得胜利。\n处刑目标被击杀则处刑目标变更。\n小丑作为处刑目标被放逐时，小丑与处刑人共同获得胜利。,"(中立):\n劊子手的目標會有一個鑽石符號,這個符號僅劊子手可見,\n如果他的目標被投出,他將獨自勝利。\n如果目標被殺,劊子手將轉職(可以設定).\n如果目標是小丑,那麼被丟出時,劊子手和小丑會一起獲勝。"
SchrodingerCatInfoLong,"(Neutrals):\nWhen killed, they prevents the kill and belongs to the killer's team.",(第三陣営):\nキルされると、キルを防いでキルをしてきた陣営に所属する。,(中立阵营):游戏开始时薛定谔的猫没有胜利条件。\n薛定谔的猫被击杀后，其会复活且加入凶手阵营，获得与凶手所在阵营相同的胜利条件。\n 注:1.被放逐的薛定谔的猫死亡并不再变更胜利条件。\n2.被术士击杀的薛定谔的猫死亡并不再变更胜利条件。\n3.除吸血鬼的击杀外，一切显示为玩家自杀的情况内薛定谔的猫死亡并不再变更胜利条件。,"(中立):\n當薛定諤的貓第一次被殺時,他將轉入殺他的那個陣營。\n(P.S:1.薛定諤的貓如果被丟出則陣營不更改\n2.薛定諤的貓如果被術士下咒對象咒死時則陣營不更改\n3.如果薛定諤的貓有戀人且戀人死亡受到戀人共死影響自殺則陣營不更改)"
OpportunistInfoLong,(Neutrals):\nThey win the game with any other Roles only if they are just alive at the game end.,(第三陣営):\n試合終了時に生存していれば追加勝利となる。,(中立阵营):\n若投机者在游戏结束时存活，则投机者跟随获胜玩家一同获得胜利。,"(中立):\n如果投機主義者活到最後,他將跟著遊戲結束獲勝的陣營一起獲勝。"
EgoistInfoLong,"(Neutrals):\nAfter all the Impostors has gone, the Egoists Replace Impostor win.\nThe Impostors and Egoists can see each other.",(第三陣営):\n味方がすべて死んだ状態でインポスターが勝つと単独勝利する。\nインポスターは誰がエゴイストか分かる。エゴイストも、誰がインポスターか分かる。,(中立阵营):\n规则上野心家属于内鬼阵营。野心家与内鬼阵营玩家互认且不可以击杀对方。\n内鬼阵营玩家全部死亡后，若野心家存活且内鬼阵营达成胜利条件，则野心家单独获得胜利。,"(中立):\n如果所有的狼人都死光了且利己主義者活著,利己主義者將獨自獲勝。\n(狼人和利己主義者互相知道對方但是不可以互刀對方)"
JackalInfoLong,(Neutrals):\nJackal can kill every Crewmates and Impostors.\nJackal can win when living players are only 1 jackal and 1 crew.,(第三陣営):\nジャッカルはすべてのプレイヤーを殺すことができる。\n生き残っているプレイヤーがジャッカル1人とクルー1人の時、ジャッカルが勝利する。,(中立阵营):\n豺狼需要击杀所有人。\n存活的玩家只剩豺狼和一名其他船员时，豺狼获得胜利。,"(中立):\n豺狼需要殺死所有人來獲得勝利,\n如果場上存活的玩家只剩下豺狼和另一名不帶刀職業時,豺狼將獲勝。"
PlagueBearerInfoLong,"(Neutrals):\nYou're kill button is an Infect button. Infect everyone until you become Pestilence.","(Neutrals):\nYou're kill button is an Infect button. Infect everyone until you become Pestilence.","(中立阵营):\n你的击杀按钮变成了感染，你需要将所有人感染造成瘟疫.",
PestilenceInfoLong,"(Neutrals):\nPestilence cannot die and can only be voted. \nWhen someone tries to kill Pestilence, they die instead. \nEven their Lover dying won't bring the Pestilence down.","(Neutrals):\nPestilence cannot die and can only be voted. \nWhen someone triesto kill Pestilence, they die instead.","(中立阵营):\n疫医不能被杀死，当有人试图击杀他是他会受到反伤而死.",
JuggernautInfoLong,"(Neutrals):\nThe Juggernaut's kill cooldown decreases with each kill.","(Neutrals):\nThe Juggernaut's kill cooldown decreases with each kill.","(中立阵营):\n欲望杀人魔的击杀冷却时间随着每次击杀而减少。"
VultureInfoLong,"(Neutrals):\nThe Vulture has to eat a certain number of bodies to win. \nWhen the Vulture attempts to report a body, the body will be determined ate to the Vulture. \nThis means that the Vulture cannot report any dead bodies.","(Neutrals):\nThe Vulture has to eat a certain number of bodies to win. \nDue to techincal limitations, we cannot make the body disappear, but we can make the body unreportable. \nBecause of this, the number of bodies aten by the Vulture will display at every meeting.",(中立阵营):\n秃鹫必须吃掉一定数量的尸体才能获胜。\n由于技术上的限制，不能让尸体消失，但可以让尸体无法报告。\n正因为如此，秃鹰吃掉的尸体数量将在每次会议上显示。",
WerewolfInfoLong,"(Neutrals):\nThe Werewolf can vent to activate their rampage function. Once you don't get kicked out of the vent, then your rampage is ready. While rampaged, they have a short kill cooldown and can only kill for a short amount of time. After the Rampage Duration, they can no longer kill. You can choose if the Werewolf can vent during rampage.","(Neutral):\nInfo unfinished.","(中立阵营):\n狼人可以通过使用管道键来激活他们的横冲直撞功能。如果你没有被踢出通风管道，那么你就处于横冲直撞的状态。在横冲直撞的时候，他们有一个很短的杀戮冷却时间，只能在短时间内杀戮。在横冲直撞持续时间之后，它们就不能再杀人了。你可以选择狼人在横冲直撞期间是否可以使用管道键。",
TheGlitchInfoLong,"(Neutrals):\nThe Glitch is a neutral killing role. \nThey can vent to switch killing modes. \nAfter every meeting, you are on killing mode. \nWhen you vent, you are on Hacking Mode. \nOn hacking mode, press the kill button on someone to prevent them from doing something for a set period of time.","(Neutral):\nInfo unfinished.","(中立阵营):\n混沌是一个杀戮型独立角色，你可以通过使用通风管道进行切换形态。\n杀戮模式，与内鬼相似。\n黑客模式，可以使用击杀键对船员进行限制，防止在一段时间做其他事情。,
GuardianAngelTOUInfoLong,"(Neutral):\nThe Guardian Angel has a target they are supposed to protect. \nIf their target wins, so does the GA. \nThe GA can vent to temporarily prevent their target from being killed.","(Neutral):\nInfo unfinished.",(中立阵营):\n守护天使有一个他应该保护的目标。\n如果他保护的目标胜利了，守护天使也会胜利。\n守护天使可以使用管道键，暂时防止他们的目标被杀。,
AmnesiacInfoLong,"(Neutral):\nSteal someone's role by clicking the report button.","(Neutral):\nInfo unfinished.",(中立阵营):\n通过点击报告键，来窃取其他人的职业。,
HackerInfoLong,"(Neutral):\nAs the Hacker, your goal is to fix a number of points by fixing sabotages. \nYou have the powers of a SabotageMaster. \nComplete sabotages to win. \nElectrical gains the most points. \nReactor gives you like 2 points. \nThe Sheriff can kill Hacker no matter what.","(Neutral):\nInfo unfinished.",(中立阵营):\n作为黑客，你的目标是通过修复破坏行为来获得积分点。\n你拥有修理大师的能力。\n完成破坏才能获胜。\n修复配电获得的积分最多，反应堆获得2点积分。\n警长无论如何都可以杀死黑客。,
BloodKnightInfoLong,"(Neutral):\Each kill the Bloodknight does will protect them from attacks for a few seconds.","(Neutral):\Each kill the Bloodknight does will protect them from attacks for a few seconds.","(Neutral):\Each kill the Bloodknight does will protect them from attacks for a few seconds."

CovenInfoLong,"""(Coven):\nNothing special about regular Coven. They just help support the Leader.""","""(Coven):\nNothing special about regular Coven. They just help support the Leader.""","""(法师):\n普通的法师没什么特别之处他们只会支援领袖.""",
PoisonerInfoLong,"""(Coven):\nThe Poisoner works exactly like the Vampire. Same cooldown and everything. This will remove Vamp from Impostor Team and join Coven.""","""(Coven):\nInfo unfinished.""","""(巫师阵营):\n资料未填写完成.""",
CovenWitchInfoLong,"""(Coven):\nThe Witch is similar to Puppeteer, allowing you to taglock players to kill others.""","""(Coven):\nInfo unfinished.""","""(巫师阵营):\n资料未填写完成.""",
HexMasterInfoLong,"""(Coven):\nThe Hex Master can hex people like an Arsonist. After hexing everyione, if they survive the next meeting, they hex bomb everyone and win.""","""(Coven):\nInfo unfinished.""","""(巫师阵营):\n资料未填写完成.""",
PotionMasterInfoLong,"""(Coven):\nThe Potion Master can use potions to reveal something about their target. They have 3 potions. Kill, Curse, and Reveal. Kill is just kill. Revealing allows you to reveal someone's role to all coven members. And cursing is like Warlock after revealing.""","""(Coven):\nInfo unfinished.""","""(巫师阵营):\n资料未填写完成.""",
MedusaInfoLong,"""(Coven):\nMedusa can Stone Gaze just like the Veteran to counterattack any attacks. However, if a body killed by Medusa isn't reported in a set amount of time, the body turns to stone and is unreportable.""","""(Coven):\nInfo unfinished.""","""(巫师阵营):\n资料未填写完成.""",
MimicInfoLong,"""(Coven):\nThe Mimic can mimic an Impostor role that currently isnt being used. The Mimic cannot spawn in a game with the Necromancer.""","""(Coven):\nInfo unfinished.""","""(巫师阵营):\n资料未填写完成.""",
NecromancerInfoLong,"""(Coven):\nThe Necromancer can mimic any killing role. The Necromancer cannot spawn with a Mimic.""","""(Coven):\nInfo unfinished.""","""(巫师阵营):\n资料未填写完成.""",
ConjurorInfoLong,"""(Coven):\nThe Conjuror can shift to place traps. These acid traps will kill anyone who walks through them.""","""(Coven):\nInfo unfinished.""","""(巫师阵营):\n资料未填写完成.""",


# HideAndSeek
HASFoxInfoLong,(HideAndSeek):\nThey win the game with other Roles (except Troll) only if they are alive at the game end.,(かくれんぼ):\nトロールを除くいずれかの陣営が勝利したときに生き残っていれば、勝利した陣営に追加で勝利することができる。,（躲猫猫）:\n狐狸活到最后便与获胜阵营一同获胜。,"(躲貓貓):\n除了其他的中立陣營以外,只要狐妖活下來即可獲勝\n他們將跟著遊戲結束的獲勝陣營一起獲勝。"
HASTrollInfoLong,(HideAndSeek):\nThe Trolls win alone if killed.,(かくれんぼ):\n鬼にキルされたときに単独勝利となる。この場合、狐が生き残っていても狐は敗北となる。,（躲猫猫）:\n诱惑者被抓则诱惑者单独获胜。,"(躲貓貓):\n當誘捕者被狼人殺死,被殺的誘捕者就宣告獲勝\n在這個例子中,狐妖即使活著也宣告失敗。"

# GM
GMInfoLong,"(None):/nThe GM (Game Master) is an observer role.\nTheir presence has no effect on the game itself, and all players know who the GM is at all times.\nAlways assigned to a host and is ghosted from the start.",(なし):\nGM(ゲームマスター)はオブザーバー役職である。\nGMはゲーム自体には何の影響も与えず、すべてのプレイヤーは誰がGMであるかがわかる。必ずホストに割り当てられ、始めから幽霊状態になっている。,（无）：\nGM（管理员）是观察者角色。 \nGM对游戏本身没有影响，所有玩家都知道GM是谁。 它总是分配给一名玩家，从一开始就处于幽灵状态，在旁边观战。,"（不屬於任何陣營）：\nGM(遊戲大師)是遊戲的觀察者, \nGM對遊戲進行過程沒有影響,所有玩家都知道GM是誰,該職業絕對會分配給房主。\nGM(遊戲大師)從開始遊戲時就處於死亡狀態。"

# Modifiers
FlashInfoLong,"(Modifiers):\nFlash is a Global Modifier that can be applied to anyone. \nThe Flash has a boost of speed that makes them faster than others.","(Modifiers):\n",(附加职业):\n闪电侠是一个全局附加职业，可以应用于任何人。\n闪电侠有一个速度的提升，使他们比其他人更快。,
TieBreakerInfoLong,"(Modifiers):\nTieBreaker is a Global Modifier that can be applied to anyone. \nWhenever there is a tie, and the TieBreaker is on one of the sides that tied, their vote gets priority.","(Modifiers):\n",(附加职业):\n残局终结者是一个全局附加职业，可以应用于任何人。\n每当出现残局时，如果残局终结者是在残局的一方，他的投票就会得到优先权。,
ObliviousInfoLong,"(Modifiers):\nOblivious is a Global Modifier that can be applied to anyone. \nAs Oblivious, you cannot report dead bodies.","(Modifiers):\n",(附加职业):\n胆小鬼是一个全局附加职业，可以适用于任何人。\n作为胆小鬼，你不能报告死尸。,
BewilderInfoLong,"(Modifiers):\nBewilder is a Crew Modifier that can only be applied to crewmates. \nAs Bewilder, when you get killed, the killer will steal your vision.","(Modifiers):\n",(附加职业):\n患者是一个船员附加职业，只能适用于船员。\n作为患者，当你被杀时，凶手的视野会因为感染而降低视野。,
TorchInfoLong,"(Modifiers):\nTorch is a Crew Modifier that can only be applied to crewmates. \nAs Torch, you still have full vision even when lights are turned off.","(Modifiers):\n",(附加职业):\n火炬手是一个船员附加职业，只能适用于船员。\n作为火炬手，即使在熄灯的情况下，你仍然有完整的视野。,

# 属性
LastImpostorInfoLong,"(Attributes):\nAn Attribute given to the last Impostor.\nKill cooldown gets shorter than usual.\nNot assigned to BountyHunter, SerialKiller, or Vampire.",(属性):\n最後のインポスターに付与される属性。\nキルクールが設定した時間まで短くなる。\nバウンティハンター、シリアルキラー、ヴァンパイアには付与されない。,（效果）:\n这个效果在内鬼仅剩下一名时赋予那名内鬼。\n这名内鬼冷却减少。\n该效果对赏金猎人、嗜血杀手或者吸血鬼不适用。,"(附加效果):\n該效果給予在場上的最後一隻狼人,擁有該效果的狼人刀人冷卻時間會變短,該效果不會給予:\n賞金獵人,連環殺手或吸血鬼 (可以設定冷卻)"

#モードオプション
HideAndSeek,HideAndSeek,かくれんぼ,躲猫猫,躲貓貓
NoGameEnd,NoGameEnd,ゲームを終了しない,测试模式,遊戲不會結束模式
CamoComms,Camo Comms,Camo Comms,迷彩通信,
SyncButtonMode,SyncButtonMode,ボタン回数同期モード,所有船员共享会议次数,全場拍桌數同步模式
RandomMapsMode,RandomMapsMode,ランダムマップモード,随机地图模式,隨機地圖模式
SyncedButtonCount,Max Button Count,合計ボタン使用可能回数(回),紧急会议可使用的次数,全場最大拍桌數量
AddedTheSkeld,Include TheSkeld,TheSkeldを追加,添加骷髅舰地图,將The Skeld地圖列入選項
AddedMIRAHQ,Include MIRAHQ,MIRAHQを追加,添加米拉总部地图,將MIRA HQ地圖列入選項
AddedPolus,Include Polus,Polusを追加,添加波鲁斯地图,將Polus地圖列入選項
AddedTheAirShip,Include TheAirShip,TheAirShipを追加,添加飞艇地图,將The AirShip列入選項
LadderDeath,Fall From Ladders,ハシゴから転落,从梯子上下滑时有可能摔死,從梯子上下滑時可能會摔死
LadderDeathChance,Fall To Death Chance,転落する確率,从梯子上摔死的概率,從梯子上下滑摔死機率
DisableTasks,Disable Tasks,タスクを無効化する,禁用某些任务,禁用某些特定的任務
DisableSwipeCardTask,Disable SwipeCard Tasks,カードタスクを無効化する,禁用刷卡任务,禁用刷卡任務
DisableSubmitScanTask,Disable SubmitScan Tasks,医務室のスキャンタスクを無効化する,禁用扫描任务,禁用掃描任務
DisableUnlockSafeTask,Disable UnlockSafe Tasks,金庫タスクを無効化する,禁用解除歧管任务,禁用保險櫃任務
DisableUploadDataTask,Disable UploadData Tasks,ダウンロードタスクを無効化する,禁用上传数据任务,禁用上傳任務
DisableStartReactorTask,Disable StartReactor Tasks,原子炉起動タスクを無効化する,禁用启动反应堆任务,禁用啟動反應堆任務
DisableResetBreakerTask,Disable ResetBreaker Tasks,ブレーカーリセットタスクを無効化する,禁用重置反应堆任务,禁用重置斷路器任務
SuffixMode,Suffix,名前の二行目,直播模式,名字標籤
SuffixMode.None,None,なし,无,無
SuffixMode.Version,Version,バージョン,版本,版本
SuffixMode.Streaming,Streaming,配信中,直播中,直播中
SuffixMode.Recording,Recording,録画中,录制中,錄影中
ColorNameMode,Color Name Mode,色名前モード,显示颜色名称,名字將被顏色名稱替換
GhostCanSeeOtherRoles,Ghost Can See Other Roles,幽霊が他人の役職を見ることができる,幽灵可见他人职业,幽靈可以看見所有玩家職業
GhostCanSeeOtherVotes,Ghost Can See Other Votes,幽霊が他人の投票先を見ることができる,幽灵可见投票情况,幽靈可以看見所有玩家的投票
HideGameSettings,Hide Game Settings,ゲーム設定を隠す,隐藏游戏设置,隱藏遊戲設定
RoleOptions,Role Options,役職設定,职业设置,職業設定
ModeOptions,Mode Options,モード設定,模组设置,模式設定
ForceJapanese,Force Japanese,日本語に強制,强制使用日语,強制使用日語
AutoDisplayLastResult,Auto Display Last Result,自動的に試合結果を表示,自动显示最终结果,自動顯示上一回合結果
VoteMode,VoteMode,投票モード,投票相关设定,投票設定
WhenSkipVote,When Skip Vote,スキップ時,跳过投票相当于投给自己,當跳過投票時
WhenNonVote,When Non-Vote,無投票時,不投票相当于投给自己,沒有投票時
Default,Default,デフォルト,默认,預設
Suicide,Suicide,切腹,自杀,自殺
SelfVote,SelfVote,自投票,自票,投自己
Skip,Skip,スキップ,跳过,跳過
DisableDevices,Disable Devices,デバイスを無効化,禁用设备,禁用裝置
DisableAdmin,Disable Admin,アドミン無効化,禁用管理室地图,禁用管理室地圖
WhichDisableAdmin,Which Disable admin,どのアドミンを無効化するか,禁用哪个管理,管理室地圖分區禁用

## モード説明
HideAndSeekInfo,"HideAndSeek:\nNo one can call emergency meeting, Crewmates (Blue) can win only by completing tasks\nand Impostors (Red) can win only by killing all the Crewmates.",かくれんぼ:\n会議を開くことはできず、クルーはタスク完了、インポスターは全クルー殺害でのみ勝利することができる。\nインポスターは赤、クルーは青に体の色が変更される。,躲猫猫:\n没有会议阶段；船员只能完成任务；\n内鬼需要杀死所有船员来获得胜利；\n内鬼的皮肤颜色将变为红色，船员变为蓝色，以示区分。,"躲貓貓:\n不能拍桌或舉報,船員只能做任務\n狼人的勝利條件為殺光所有船員\n狼人的身體顏色會轉變為紅色,船員則會變為藍色。"
StandardHASInfo,"HideAndSeek with Roles:\nNo one can call emergency meeting, Crewmates can win only by completing tasks\nand Impostors can win only by killing all the Crewmates.",役職入りでかくれんぼ:\n会議を開くことはできず、クルーはタスク完了、インポスターは全クルー殺害でのみ勝利することができる。,躲猫猫（模组）:\n没有会议阶段；船员只能完成任务；\n内鬼需要杀死所有船员来获得胜利。,"躲貓貓(附加普通模式職業):\n不能拍桌或舉報,船員只能做任務\n狼人的勝利條件為殺光所有船員\n狼人的身體顏色會轉變為紅色,船員則會變為藍色。"
NoGameEndInfo,NoGameEnd:\nA mode for debugging in which there is no win Basis.\nThe game cannot be exited except by SHIFT+L+ENTER of the host.,ゲームを終了しない:\n勝利判定が存在しないデバッグ用のモード。ホストのSHIFT+L+ENTER以外でのゲーム終了ができない。,测试模式:\n本模式用于进行测试。本模式没有游戏结束判定，房主按下shift+L+enter可以结束游戏。,"遊戲不會結束模式:\n該模式僅限用來測試,這裡沒有勝利條件\n該模式無法通過正常勝利條件結束,僅能讓房主使用SHIFT+L+ENTER或指令/dis來結束遊戲。"
SyncButtonModeInfo,SyncButtonMode:\nThis mode limits the maximum number of meetings that can be called in total.,ボタン回数同期モード:\nプレイヤー全員のボタン回数が同期されているモード。(設定有),所有船员共享会议次数:\n游戏中存在全员共有的最大紧急会议次数。(可以进行设置),"全場拍桌數同步模式:\n該模式會讓全場玩家的拍桌數同步。(可以設定拍桌數)"
SabotageTimeControlInfo,Sabotage time control:\nIt is possible to change the time limit for some sabotage. (with settings),サボタージュの時間制御:\n一部サボタージュの制限時間を変更することができる。(設定有),破坏调整:\n可以调整一部分破坏的限制时间。(可以进行设置),"控制緊急任務時間:\n該模式可以讓某些地圖的破壞時間重新設定。 (可以設定)"
RandomMapsModeInfo,RandomMapsMode:\nA mode in which the map changes randomly. (with settings),ランダムマップモード:\nランダムにマップが変わるモード。(設定有),随机地图:\n随机选择地图游玩的模式。(可以进行设置),"隨機地圖模式:\n該模式會隨機挑選地圖。 (可以設定)"

CamoCommsInfo,"CamoComms:\nDuring the Comms sabotage, everyone will have no name or clothing and all appear gray.","CamoComms:\nDuring the Comms sabotage, everyone will have no name or clothing and all appear gray.","巫师阵营:\n在通讯破坏过程中，每个人都没有名字和衣服，都是灰色的。.",
DisableDevicesInfo,"DisableDevices:\nVarious devices can be disabled (currently admin only, MiraHQ not supported)",デバイスを無効化:\n各種機器を無効化することができる。(現在はアドミンのみ、MiraHQ非対応),禁用设备:\n可以禁用各种设备。(目前只支持管理地图，不支持米拉总部),"禁用設備:\n可以禁用各種設備。 (目前只支持管理室地圖,不支持MIRA HQ)"

## 詳細設定
AdvancedRoleOptions,Advanced Options,詳細設定,详细设置,進階設定
AdvancedImpostorRoleOptions,Advanced Impostor Role Options,インポスター役職の詳細設定,内鬼阵营职业详细设置,進階狼人職業選項
AdvancedCrewmateRoleOptions,Advanced Crewmate Role Options,クルーメイト役職の詳細設定,船员阵营职业详细设置,進階船員職業選項
BountyTargetChangeTime,Time To Swap Bounty(s),バウンティハンターのターゲット変更時間,赏金猎人目标变更间隔的时间,賞金目標切換時間
EnableLastImpostor,Enable LastImpostor,ラストインポスターの有効化,启用绝境者,啟用絕境者
LastImpostorKillCooldown,LastImpostor Kill Cooldown,ラストインポスターのキルクール,绝境者击杀冷却,絕境者殺人冷卻
BountySuccessKillCooldown,Kill Cooldown After Killing Bounty,バウンティハンターのターゲット殺害時のキルクール,赏金猎人击杀悬赏目标的奖励冷却时间,賞金獵人殺死賞金目標冷卻
BountyFailureKillCooldown,Kill Cooldown After Killing Others,バウンティハンターのターゲット以外殺害時のキルクール,赏金猎人击杀悬赏目标以外玩家的惩罚冷却时间,賞金獵人殺死非賞金目標冷卻
DefaultShapeshiftCooldown,Default Shapeshift Cooldown,デフォルトの変身クールダウン,变形者变形冷却,預設變身時間
VampireKillDelay,Vampire Kill Delay(s),ヴァンパイアの殺害までの時間(秒),吸血鬼延迟的击杀时间,吸血鬼殺人延遲
MareSpeedInLightsOut,Mare Player Speed In Lights Out,停電時のメアーの移動速度,梦魇熄灯时的移动速度,關燈時黑暗博士的移動速度
MareKillCooldownInLightsOut,Mare Kill Cooldown In Lights Out,停電時のメアーのキルクール,梦魇熄灯时的击杀冷却,關燈時黑暗博士的殺人冷卻
SabotageMasterSkillLimit,SabotageMaster Fix Ability Limit(Except Opening Doors),ｻﾎﾞﾀｰｼﾞｭﾏｽﾀｰがｻﾎﾞﾀｰｼﾞｭに対して能力を使用できる回数(ﾄﾞｱ閉鎖は除く),修理大师修理破坏的最大次数,破壞大師修理破壞次數上限
CamouflagerCamouflageCoolDown,Camouflager Camouflage CoolDown,カモフラージャーのカモフラージュクールダウン
CamouflagerCamouflageDuration,Camouflager Camouflage Duration,カモフラージャーのカモフラージュ持続時間
CanMakeMadmateCount,SidekickMadmate Maximum,マッドメイトを作れる人数,变形者可以招募叛徒的数量,變形者招募叛徒最大人數
MadSnitchCanVent,MadSnitch Can Use Vent,マッドスニッチがベントを使える,背叛的告密者可以使用管道,背叛的告密者可以使用管道
MadSnitchTasks,MadSnitch Tasks,マッドスニッチのタスク数,背叛的告密者任务数,背叛告密者任務數量
MadGuardianCanSeeWhoTriedToKill,MadGuardian Can See Who Tried To Kill,マッドガーディアンが自身の殺害未遂者を知ることができる,背叛的守卫可以得知对其进行击杀尝试的玩家,背叛天使可以看到是誰嘗試殺害自己
ChildKnown,Child is Known to Everyone,Child is Known to Everyone,所有人都知道谁是小孩,
JesterVent,Jester Can Vent,Jester Can Vent,小丑可以跳管道,
JesterHasImpostorVision,Jester Has Impostor Vision,JesterHasImpostorVision,小丑拥有内鬼的视野,
MadmateCanFixLightsOut,Madmates Can Fix Lights Out,マッドメイト系役職が停電を直すことができる,叛徒职业可以修理照明破坏,叛徒職業的玩家可以修理電燈
MadmateCanFixComms,Madmates Can Fix Comms,マッドメイト系役職が通信障害を直すことができる,叛徒职业可以修理通讯,叛徒職業的玩家可以修理通訊
MadmateHasImpostorVision,Madmates Have Impostor Vision,マッドメイト系役職の視野がインポスターと同じ,叛徒职业拥有内鬼视野,叛徒職業的玩家有跟狼人一樣的視野
MadmateVentCooldown,Madmates Vent Cooldown,マッドメイト系役職のベントクールダウン,叛徒职业跳管道冷却时间,叛徒職業的玩家跳管道冷卻
MadmateVentMaxTime,Madmates Max Time In Vents(s),マッドメイト系役職のベント内での最大時間,叛徒职业在管道中停留的最大时间,叛徒職業的玩家在管道中可以停留的最大時間
EvilWatcherChance,EvilWatcher Chance,イビルウォッチャーになる確率,窥视者成为内鬼阵营的概率,成為邪惡觀察者的機率
LighterTaskCompletedVision,Lighter Expanded Vision,ライターのタスク完了時の視界,执灯人完成任务后的视野,小燈人做完任務的視野
BewilderVision,Vision,Vision,视野,
LighterTaskCompletedDisableLightOut,Lighter Gains Impostor Vision,タスク完了時に停電を無効にする,完成任务的执灯人不受熄灯影响,完成任務的小燈人視野不受關燈影響
SabotageMasterFixesDoors,SabotageMaster Can Open Multiple Doors,ｻﾎﾞﾀｰｼﾞｭﾏｽﾀｰが1度に複数のﾄﾞｱを開けることを許可する,修理大师可以一次打开房间内所有被关闭的门,破壞大師可以修理多扇門
SabotageMasterFixesReactors,SabotageMaster Can Fix Both Reactors,ｻﾎﾞﾀｰｼﾞｭﾏｽﾀｰが原子炉ﾒﾙﾄﾀﾞｳﾝに対して能力を使える,修理大师可以一人修理核反应堆,破壞大師可以一個人同時修理兩邊的反應堆
SabotageMasterFixesOxygens,SabotageMaster Can Fix Both O2,ｻﾎﾞﾀｰｼﾞｭﾏｽﾀｰが酸素妨害に対して能力を使える,修理大师修理氧气破坏时另一边的氧气破坏同时被修理,破壞大師可以一個人同時修理兩邊的氧氣
SabotageMasterFixesCommunications,SabotageMaster Can Fix Both Comms In MIRA HQ,ｻﾎﾞﾀｰｼﾞｭﾏｽﾀｰがMIRA HQの通信妨害に対して能力を使える,修理大师在米拉总部地图可以同时修理两个通讯,破壞大師可以一個人同時修理兩邊的通訊(Mira HQ)
SabotageMasterFixesElectrical,SabotageMaster Can Fix Lights Out All At Once,ｻﾎﾞﾀｰｼﾞｭﾏｽﾀｰが停電に対して能力を使える,修理大师按一个按钮就可以修复照明破坏,破壞大師拉一根拉桿就可以修理電燈
SheriffKillCooldown,Sheriff Kill Cooldown,シェリフのキルクール,警长执法冷却,警長執法冷卻
SheriffCanKillArsonist,Sheriff Can kill Arsonist,シェリフがアーソニストをキルできる,警长可以执法纵火犯,警長可以槍死縱火犯
SA,Hacker Sabotage Amount,Hacker Sabotage Amount,黑客需要修复的破坏的积分,
SheriffCanKillJester,Sheriff Can Kill Jester,シェリフがジェスターをキルできる,警长可以执法小丑,警長可以槍死小丑
SheriffCanKillTerrorist,Sheriff Can Kill Terrorist,シェリフがテロリストをキルできる,警长可以执法恐怖分子,警長可以槍死恐怖分子
SheriffCanKillExecutioner,Sheriff Can Kill Executioner,シェリフがエクスキューショナーをキルできる,警长可以执法处刑人,警長可以槍死劊子手
SheriffCanKillOpportunist,Sheriff Can Kill Opportunist,シェリフがオポチュニストをキルできる,警长可以执法投机者,警長可以槍死投機主義者
SheriffCanKillMadmate,Sheriff Can Kill Madmates,シェリフがマッドメイトをキルできる,警长可以执法叛徒,警長可以槍死叛徒
SheriffCanKillEgoist,Sheriff Can Kill Egoist,シェリフがエゴイストをキルできる,警长可以执法野心家,警長可以槍死利己主義者
SheriffCanKillPB,Sheriff Can Kill PlagueBearer,Sheriff Can Kill PlagueBearer,警长可以执法疫医,
SheriffCanKillVulture,Sheriff Can Kill Vulture,SheriffCanKillVulture,警长可以执法秃鹫,
SheriffCanKillCoven,Sheriff Can Kill Coven,SheriffCanKillCoven,警长可以执法巫师,
SleuthReport,Sleuth Has to Report,Sleuth Has to Report,侦探必须报告,
SkipInfect,Skip PlagueBearer Infection,Skip PlagueBearer Infection,跳过传染者进行感染,
Bodies,Bodies Needed To Be Eaten,Bodies Needed To Be Eaten,需要吃的尸体数量,
SheriffCanKillEgoShrodingerCat,Sheriff Can Kill EgoistSide ShrodingerCat,シェリフがエゴイスト陣営のシュレディンガーの猫をキルできる,警长可以执法自私阵营的薛定谔的猫,警長可以槍死利己主義者方的薛定諤的貓
SheriffCanKillJackal,Sheriff Can Kill Jackal,シェリフがジャッカルをキルできる,警长可以执法豺狼,警長可以槍死豺狼
SheriffCanKillJShrodingerCat,Sheriff Can Kill JackalSide ShrodingerCat,シェリフがジャッカル陣営のシュレディンガーの猫をキルできる,警长可以执法豺狼阵营的薛定谔的猫,警長可以槍死豺狼方的薛定諤的貓
SheriffCanKillCrewmatesAsIt,Sheriff Can Kill Crewmates As It,シェリフがそのままクルーをキルできる,警长尝试执法船员时会和被执法者同归于尽,警長走火時會讓嘗試槍的玩家同歸於盡
SheriffShotLimit,Sheriff Shot Limit,シェリフのキル可能回数,警长最大执法次数,警長最大子彈數量
SheriffCanKillJug,Sheriff Can Kill Juggernaut,シェリフのキル可能回数,警长最大执法次数,警長最大子彈數量
DoctorTaskCompletedBatteryCharge,Doctor Battery Duration,ドクターがタスクを終わらせたときにセットされるバイタルの秒数,科学家每完成一个任务增加的设备充能数,醫生完成任務充電秒數
SnitchEnableTargetArrow,Snitch Can See Target Arrow,ターゲットを示す矢印が見える,告密者完成任务后可以通过箭头确认所有被发现目标,告密者完成任務後可以看到目標的箭頭
SnitchCanGetArrowColor,Snitch Can See Colored Arrow,矢印の色で陣営がわかる,告密者对不同阵营的目标使用不同颜色的箭头确认,對不同陣營的目標使用不同顏色的箭頭標示
SnitchCanFindNeutralKiller,Snitch Can Find Neutral Killer,第三陣営のキル可能役職を見つけることが出来る,告密者也可以和拥有击杀能力的中立阵营玩家互相发现,告密者也可以和中立陣營帶刀職業互認
SnitchCanFindCoven,Snitch Can Find Coven,第三陣営のキル可能役職を見つけることが出来る,告密者也可以和拥有击杀能力的中立阵营玩家互相发现,告密者也可以和中立陣營帶刀職業互認
MayorAdditionalVote,Mayor Additional Votes Count,メイヤーの追加投票の個数,市长投票时多出来的票数,市長附加票數
MayorHasPortableButton,Mayor Has Mobile Emergency Button,メイヤーがポータブルボタンを持っている,市长可以选择是否进行投票,市長可以隨時拍桌
MayorNumOfUseButton,Number Of Mobile Emergency Button,メイヤーが使えるボタンの回数,市长选择进行投票的最大次数,市長隨時拍桌最大次數
CanBeforeSchrodingerCatWinTheCrewmate,SchrodingerCat In No Team Can Win With Crewmates,役職変化前であれば、クルー陣営と勝利できる,薛定谔的猫未加入其他阵营前可以跟随船员阵营获胜,薛定諤的貓的陣營轉變前可以和船員一起贏
SchrodingerCatExiledTeamChanges,Team To Change After Exiled,シュレディンガーの猫が吊られた際、陣営が変化する,薛定谔的猫被放逐时会加入其他阵营,薛定諤的貓被丟出時陣營會改變
ExecutionerCanTargetImpostor,Executioner Can Target Impostor,ｴｸｽｷｭｰｼｮﾅｰがインポスターもターゲットにできる,内鬼阵营玩家可以成为处刑人的目标,劊子手的目標可以是狼人陣營的玩家
ExecutionerChangeRolesAfterTargetKilled,Role After Target Dies,ｴｸｽｷｭｰｼｮﾅｰのターゲットがキルされた後に変化する役職,处刑人目标死亡后将变为的职业,劊子手的目標被殺後轉變的職業
SerialKillerCooldown,SerialKiller Kill Cooldown,シリアルキラーのキルクール,嗜血杀手击杀冷却,連環殺手殺人冷卻
SerialKillerLimit,Time Limit To Suiside(s),シリアルキラーが自爆する時間,嗜血杀手自杀倒计时,連環殺手自殺倒數
ArsonistDouseTime,Arsonist Douse Duration,アーソニストの塗り時間,纵火犯涂油所需时间,縱火犯澆油所需時間
ArsonistCooldown,Arsonist Douse Cooldown,アーソニストのクールダウン,纵火犯涂油冷却,縱火犯澆油冷卻

TourArso,TOuR Arsonist,TOuR Arsonist,TOuR的纵火犯,
InfectCD,Infect Cooldown,アーソニストの塗り時間,感染冷却时间,

SeerCooldown,Investigate Cooldown,Investigate Cooldown,Investigate Cooldown
NBareRed,Neutral Benigns are Red,Neutral Benigns are Red,Neutral Benigns are Red
NKareRed,Neutral Killings are Red,NKareRed,NKareRed
NEareRed,Neutral Evils are Red,NEareRed,NEareRed
CrewKillingRed,Crewmate Killing are Red,CrewKillingRed,CrewKillingRed
CovenIsPurple,Coven appears Purple,CovenIsPurple,CovenIsPurple
ChildIsRed,Child is Red,ChildIsRed,ChildIsRed
TerroIsRed,Terrorist appears Red,TerroIsRed,TerroIsRed
CSheriffSwitches,Corrupted Sheriff switches Color,CSheriffSwitches,CSheriffSwitches
MadMateIsRed,Madmate is Red,MadMateIsRed,MadMateIsRed

PestiKillCooldown,Pestilence Kill Cooldown,アーソニストのクールダウン,疫医击杀冷却时间,
PestiCanVent,Pestilence Can Vent,アーソニストのクールダウン,疫医可以使用通风管道,
DemoSuicideTime,Time To Vent Till Suicide,DemoSuicideTime,自杀倒计时,
StoneCD,Stone Cooldown,Stone Cooldown,石化冷却时间,
StoneDur,Stone Duration,Stone Duration,石化持续时间,
StoneTime,Time Until Body is Stoned,Time Until Body is Stoned,Time Until Body is Stoned
PKTAH,Players Know They Are Hexed,Players Know They Are Hexed,玩家知道谁被诅咒了,
HexCD,Hex Cooldown,Hex Cooldown,诅咒冷却时间,
MHPR,Max Hexes Per Round,Max Hexes Per Round,每轮最大诅咒人数,

SwoopCD,Swoop Cooldown,Swoop Cooldown,Swoop Cooldown
SwoopDur,Swoop Duration,Swoop Duration,Swoop Duration

CamoCD,Camouflage Cooldown,Swoop Cooldown,Swoop Cooldown
CamoDur,Camouflage Duration,Swoop Duration,Swoop Duration

CanTerroristSuicideWin,Can Terrorist Suicide Win,テロリストの自殺勝ち,恐怖分子可以通过自杀获胜,恐怖分子可以自殺來獲勝
ShapeMasterShapeshiftDuration,Shapeshift Duration,シェイプマスターの変身持続時間,千面鬼化形持续时间,變形大師變形持續時間
SilenceDelay,Silence Cooldown,アーソニストのクールダウン,沉默者技能冷却时间,
FireWorksMaxCount,FireWorks Max Count,花火の所持数,烟花商人可放置烟花的最大数量,煙火工匠可設定煙火最大數量
FireWorksRadius,FireWorks Radius,花火の爆発半径,烟花商人烟花爆炸半径,煙火工匠的煙火爆炸半徑
SniperBulletCount,Sniper Bullet Count,スナイパーの所持弾数,狙击手最大狙击次数,狙擊手子彈最大數量
SniperPrecisionShooting,Sniper Precise Shooting,スナイパー精密射撃モード,狙击手拥有瞄准辅助,狙擊手精準射擊模式
NumberOfLovers,Number Of Lovers(x2members),ラバーズの組数(x2人数),恋人对数,"戀人最大數量(2位玩家)"
TimeThiefKillCooldown,TimeThief Kill Cooldown,タイムシーフのキルクール,蚀时者击杀冷却,時間小偷殺人冷卻時間
TimeThiefDecreaseMeetingTime,TimeThief Decrease Time Length(s),減少する会議時間,蚀时者每次击杀缩短的会议时间,時間小偷每次殺人減少的會議時間
TimeThiefLowerLimitVotingTime,Lower Limit For Voting Time(s),投票時間の下限,蚀时者存在时会议时间下限,時間小偷在場時會議時間最低下限
TimeThiefReturnStolenTimeUponDeath,Return Stolen Time After Death,死亡後に盗んだ時間を返す,蚀时者死亡后会议时间重置,時間小偷死亡後將會議時間重設
JackalKillCooldown,Jackal Kill Cooldown,ジャッカルのキルクール,豺狼击杀冷却,豺狼殺人冷卻
JackalCanVent,Jackal Can Use Vents,ジャッカルがベントを使用できる,豺狼可以使用管道,豺狼可以跳管道
JackalCanUseSabotage,Jackal Can Use Sabotage,ジャッカルがサボタージュを使用できる,豺狼可以破坏,豺狼可以破壞
JackalHasImpostorVision,Jackal Has Impostor Vision,ジャッカルがインポスターと同じ視界を持つ,豺狼拥有内鬼视野,豺狼擁有狼人的視野
TraitorSpawn,Min Number of Players Needed for CorruptedSheriff,Number of Players Needed for Traitor,背叛的警长所需的最小玩家数量,
TurnCorrupt,Sheriff Can Turn Corrupted,Number of Players Needed for Traitor,警长可以成为叛徒,
EgoistKillCooldown,Egoist KillCooldown,エゴイストのキルクール,野心家击杀冷却时间,
JuggerKillCooldown,Juggernaut Kill Cooldown,ジャッカルのキルクール,欲望杀人魔击杀冷却,豺狼殺人冷卻
JuggerDecrease,Juggernaut Cooldown Decrease,ジャッカルのキルクール,欲望杀人魔技能冷却,豺狼殺人冷卻
JuggerCanVent,Juggernaut Can Use Vents,ジャッカルがベントを使用できる,欲望杀人魔可以使用管道,
VampBuff,Vampire Buff,Vampire Buff,血猩红热加成,吸血鬼愛好者
TraitorCanSpawnIfNK,Traitor can Spawn If an NK is Alive,Traitor can Spawn If an NK is Alive,Traitor can Spawn If an NK is Alive
TraitorCanSpawnIfCoven,Traitor can Spawn If a Coven Member is Alive,Traitor can Spawn If an NK is Alive,Traitor can Spawn If an NK is Alive

VetCD,Alert Cooldown,Alert Cooldown,警报冷却时间,警報冷卻
VetDur,Alert Duration,Alert Duration,警报持续时间,警報持續時間
CRGV,Crew Roles get Vetted,Crew Roles get Vetted,船员阵营获得审查,船員角色得到審查
PestiAttacks,If Pestilence Attacks Veteran,If Pestilence Attacks Veteran,如果瘟疫击退了老兵,如果瘟疫襲擊退伍軍人
NVet,Number of Alerts,Number of Alerts,警报数量,警報數量
Trade,Trade,Trade,相互,貿易
PestiKillsVet,Pestilence Kills Veteran,PestiKillsVet,瘟疫杀死了老兵,瘟疫殺死退伍軍人
VetKillsPesti,Veteran Kills Pestilence,VetKillsPesti,老兵杀死了瘟疫,退伍軍人殺死瘟疫
BKdur,Protection Duration,BKdur,BKdur

CovenKillCooldown,Coven Kill Cooldown,Coven Kill Cooldown,巫师击杀冷却时间,公會擊殺冷卻時間
CovenMeetings,Meetings until Necronomicon,Meetings until Necronomicon,会议直到亡灵法师,會議直到死靈之書
HexMasterOn,Hex Master On,Hex Master On,使用六芒星法师,十六進制大師開啟
PotionMasterOn,Potion Master On,Potion Master On,使用药剂师,魔藥大師開啟
VampireDitchesOn,Vampire Joins Coven,Vampire Joins Coven,吸血鬼加入巫师阵营,吸血鬼加入女巫團
MedusaOn,Medusa On,Medusa On,使用美杜莎,美杜莎賀
MimicOn,Mimic On,Mimic On,使用模仿大师,模仿者開
NecromancerOn,Necromancer On,Necromancer On,使用亡灵法师,死靈法師開啟
ConjurorOn,Conjuror On,Conjuror On,使用魔术师,魔術師開

NProtects,Number of Protects,NumOfProtects,保护的次数,
PCD,Protect Cooldown,Translation Unavailble,保护冷却时间,
PDur,Protect Duration,Translation Unavailble,保护持续时间,
GAKR,GA Knows Target Role,Translation Unavailble,守护天使知道保护对象的职业,
TKGA,Target knows GA Exists,Translation Unavailble,被保护的玩家知道守护天使的存在,
WhenGAdies,When Target dies GA Becomes,Translation Unavailble,当保护对象死亡守护天使的职业变成,

CanVentR,Can Vent while Rampaged,Translation Unavailble,可以在横冲直撞的情况下使用管道键,
HPV,Hack Preventing Vent,HPV,防止黑客模式使用管道按键,
RCD,Rampage Cooldown,Translation Unavailble,横冲直撞的冷却时间,
RDur,Rampage Duration,Translation Unavailble,横冲直撞的持续时间,
SCKWW,Sheriff Can Kill Werewolf,Translation Unavailble,警长可以执法狼人,
SCKTG,Sheriff Can Kill The Glitch,Translation Unavailble,警长可以执法混沌,

## Global
RBC,Role Block Cooldown,Translation Unavailble,职业切换冷却时间,
CanVent,Can Vent,Translation Unavailble,可以使用通风管道,
KillCD,Kill Cooldown,Translation Unavailble,击杀冷却时间,
GRB,Global RoleBlock Duration,Translation Unavailble,全局职业区域持续时间,

## かくれんぼ設定
HideAndSeekOptions,HideAndSeek Options,かくれんぼの設定,躲猫猫设置,躲貓貓設定
AllowCloseDoors,Allow Closing Doors,ドア閉鎖を許可する,允许关门,可以關門
SpeedBoosterUpSpeed,Boosted Player Speed,スピードアップ時の速さ,增速者加速时的移动速度,被加速器加速的玩家的移動速度
TrapperBlockMoveTime,Freeze Duration,移動を封じる時間,陷阱师技能封锁凶手移动时长,設陷者封鎖兇手移動時間
HideAndSeekWaitingTime,Impostor Waiting Time(s),インポスターの待機時間(秒),内鬼阵营在游戏开始后的等待时间,狼人在遊戲開始後的等待時間
IgnoreVent,Disable Vents,通気口の使用を禁止する,禁止使用管道,禁止使用管道
HideAndSeekRoles,HideAndSeek Roles,かくれんぼの役職,躲猫猫职业,躲貓貓職業

## 死因
DeathReason.Kill,Kill,死亡,被杀,被殺
DeathReason.Vote,Exiled,追放,放逐,被丟
DeathReason.Suicide,Suicide,自爆,自杀,自殺
DeathReason.Spell,Spelled,呪殺,咒杀,咒殺
DeathReason.Bite,Bitten,噛殺,吸血,咬死
DeathReason.LoversSuicide,Lovers Suicide,恋人心中,为爱而死,戀人共死
DeathReason.Bombed,Bombed,爆死,炸死,炸死
DeathReason.Misfire,Misfire,誤爆,走火,走火
DeathReason.Torched,Torched,焼殺,烧死,燒死
DeathReason.Sniped,Sniped,狙撃,狙杀,被狙
DeathReason.Execution,Executed,処刑,处刑,處刑
DeathReason.Disconnected,Disconnected,回線切断,断连,斷線
DeathReason.Fell,Fall,転落,摔死,摔死
DeathReason.Alive,Alive,Alive,存活,Alive
DeathReason.EarDamage,Ear Damage,Ear Damage,耳鸣,耳朵損傷
DeathReason.Screamed,Screamed,Screamed,惊吓,尖叫
DeathReason.etc,Unknown,その他,其他,其他
Alive,Alive,生存,存活,存活
Win," Wins",勝利,胜利,勝利
Last,Last,ラスト,独活,獨活

## リアクターの時間制御
SabotageTimeControl,Modify Sabotage TimeLimit,サボタージュの時間制御,紧急破坏限制时间,重新設定緊急任務時間
PolusReactorTimeLimit,Polus Reactor TimeLimit(s),ポーラスのリアクター制限時間,波鲁斯抗震稳定器破坏限制时间,Polus地震抑制器破壞最大時間
AirshipReactorTimeLimit,Airship Reactor TimeLimit(s),エアシップのリアクター制限時間,飞艇坠毁路线破坏限制时间,Airship間隙室破壞最大時間

## ヘルプテキスト
CommandList,Command List:,コマンド一覧:,指令列表:,指令列表:
Command.winner,Display Winners,勝者を表示,显示获胜玩家,顯示上一局的獲勝玩家
Command.lastresult,Display Match Result,試合結果を表示,显示上局游戏结果,顯示上一局的遊戲結果
Command.rename,Change Host Name,ホストの名前を変更,更改房主昵称,更改房主名字
Command.now,Display Active Settings,現在有効な設定を表示,显示当前设置,顯示目前設定
Command.h_now,Display Current Active Settings Description,現在有効な設定の説明を表示,显示当前设置帮助,顯示現在設定的模式和職業說明
Command.h_roles,<RoleName> - Display Role Description,<役職名> - 役職の説明を表示,<职业名> - 显示职业介绍,<職業名> - 顯示關於該職業的介紹
Command.h_attributes,<AttributeName> - Display Attribute Description,<属性名> - 属性の説明を表示,<属性名> - 显示属性介绍,<屬性名> - 顯示關於該屬性的介紹
Command.h_modes,<ModeName> - Display Mode Description,<モード名> - モードの説明を表示,<模式名> - 显示模式介绍,<模式名> - 顯示關於該模式的介紹
Command.dump,Output Log to Desktop,デスクトップにログを出力,将游戏运行日志输出到桌面,在桌面上建立遊戲輸出日誌
Command.h_args,Available Args (clipped),使用可能な引数 (略称),可用参数（简写）,可用的參數(簡稱)

CantUse.lastroles,Can't use /lastroles in the game.,試合中に/lastrolesを使用することはできません。,不可以在游戏中使用/lastroles命令,不可以在遊戲中使用/lastroles指令

## メッセージ
Message.SetToSeconds,Set to {0} seconds.,{0}秒に設定されました,信息发送冷却时间为{0}秒,訊息發送冷卻已設定為{0}秒
Message.MessageWaitHelp,Specify the first argument in seconds.,第一引数を秒数で指定します。,指定一个数设定秒数,在指令後方指定一個數字來設定秒數
Message.TemplateNotFoundHost,"No messages matching "{0}" were found.\nPlease add to template.txt like.\n{0}:contents\n\nDefined Tags:\n{1}",「{0}」に該当するメッセージが見つかりませんでした。\n{0}:内容\nのようにtemplate.txtに追記してください。\n\n定義されているタグ:\n{1},未找到与“{0}”对应的消息。 \n{0}: 内容\n 请添加到 template.txt。 \n\n标签定义：\n{1},"沒有找到與「{0}」相關的訊息,\n請將內容加入template.txt作為{0}的定義內容。\n\n定義標籤:\n{1}"
Message.TemplateNotFoundClient,"No messages matching "{0}" were found.",「{0}」に該当するメッセージが見つかりませんでした。,未找到与“{0}”相关的消息。,沒有找到與「{0}」相關的訊息
Message.SyncButtonLeft,The emergency meeting button can be used {0} more times,緊急会議ボタンはあと{0}回使用できます,您可以多次使用紧急会议按钮 {0},"全場拍桌數量還剩下{0}次,請謹慎拍桌"
Message.Executed,{0} got guessed or misguessed.,{0}を処刑しました,,{0}被處刑了
Message.HideGameSettings,Game settings are hidden by the host.,ゲーム設定はホストによって秘匿されています。,游戏设置被房主隐藏。,遊戲設定被房主隱藏。

## 警告
Warning.EgoistCannotWin,Egoist cannot win!,エゴイストが勝利できません,野心家无法获胜,利己主義者無法獲勝
Warning.OverrideExiledPlayer,All ejects will be displayed as tie because the total number of impostors is 1.,合計インポスター数が1のため、追放はすべて同数投票として表示されます。,由于场上仅剩一名内鬼，放逐投票将显示为平票,"由於場上只剩一名狼人,所有逐出訊息都將顯示為平票"
Warning.InvalidRpc,Kicked {0} because an invalid RPC was received.\nPlease make sure that there are no other mods in the system other than TOH.,不正なRPCを受信したため{0}をキックしました。\nTOH以外のMODが入っていないか確認してください。,{0} 被踢出，因为它收到了无效的 RPC。 \n请确保没有除 TOH 以外的模组。,"{0}因為收到無效的RPC,所以踢出了他,\n請確保遊戲除了TOH之外沒有其他模組系統被載入"

## エラー
Error.MeetingException,Error: {0}\r\nPlease use SHIFT+M+ENTER to force the meeting to end,エラー: {0}\r\nSHIFT+M+ENTERで会議を強制終了してください,错误: {0}\r\n使用 SHIFT+M+ENTER 来中止会议,錯誤: {0}\r\n按下SHIFT+M+ENTER來結束會議
Error.InvalidRoleAssignment,Error: Invalid role found for a player during role assignment({0}),エラー: 役職設定中に無効な役職のプレイヤーを発見しました({0}),错误：在设置角色时发现角色无效的玩家 ({0}),錯誤:在設定職業時發現{0}持有無效職業
Error.SpeedBoosterNullException,Error: The speed boost destination is null.\nPlease save the log and create a bug report ticket.,エラー: スピードブースト先がnullです。\nログを保存し、バグ報告チケットを作成してください。,错误：Speedboost 目标为空。 \n请保存日志并创建错误报告票。,"錯誤:加速器加速的對象無效,\n請將遊戲輸出記錄保存並在TOH官方DC群組開啟一張支援票"

## その他
ForExample,For Example,使用例,使用例子,使用例子
ForceEnd,No Contest,廃村,强制结束游戏,遊戲已被強制結束
EveryoneDied,Everyone Died,誰もいなくなった,,
ForceEndText,The host terminated the game,ホストから強制終了コマンドが入力されました,房主强制结束了游戏,房主已強制結束遊戲
HideGameCodes,Hide Game Codes,ゲームコードを隠す,直播模式,隱藏遊戲代碼
updateButton,Update\n<size=75%>TownOfHost</size>,アップデート\n<size=75%>TownOfHost</size>,更新\n<size=75%>TownOfHost</size>,更新\n<size=75%>Town Of Host</size>中
updatePleaseWait,Please Wait...,しばらくお待ちください...,请稍候……,請稍後...
updateManually,Update failed.\nPlease Update Manually.,アップデートに失敗しました。\n手動でアップデートをしてください。,更新失败。\n请尝试手动更新。,"更新失敗,\n請嘗試手動更新"
updateInProgress,Updating...,アップデート中...,更新中……,更新中...
announcementUpdate,<size=3f>Update v{0}</size>\n{1},<size=3f>アップデート v{0}</size>\n{1},<size=3f>更新到v{0}</size>\n{1},<size=3f>更新v{0}</size>\n{1}
announcementChangelog,<size=3f>ChangeLogs v{0}</size>\n{1},<size=3f>更新内容 v{0}</size>\n{1},<size=3f>更新日志 v{0}</size>\n{1},<size=3f>更新內容v{0}</size>\n{1}
updateRestart,Update Finished!\nPlease restart the game.,アップデートが完了しました。\nゲームを再起動してください。,更新完毕。\n请重新启动游戏。,更新完成!\n請重新啟動遊戲
updateFailed,Update failed.,アップデートに失敗しました。,更新失败。,更新失敗
onSetPublicNoLatest,Public rooms is prohibited except for the latest version.\nPlease update.,最新版以外で公開ルームにはできません。\nアップデートをしてください。,不可以在未安装最新模组的前提下创建公开房间。\n请更新本模组。,"無法建立一個公共房間,因為使用的不是最新版本的模組\n請更新本模組"
CanNotJoinPublicRoomNoLatest,You can't join public rooms except for the latest version.\nPlease update.,最新版以外で公開ルームには参加できません。\nアップデートをしてください。,不可以在未安装最新模组的前提下进入公开房间。\n请更新本模组。,"無法在未安裝最新版本的前提下進入公開房間\n請更新本模組"
ModBrokenMessage,The MOD file is broken.\nPlease re-install it again.,MODを構成するファイルが破損しています。\nもう一度導入しなおしてください。,模组文件损坏。\n请重新安装本模组。,模組檔案損壞\n請重新安裝模組
NameIncludeTOH,"You cannot make public rooms unless "TOH" is included in your name.",""TOH"が名前に含まれていない状態では公開部屋にすることはできません。","不可以在昵称中未带有"TOH"字样的前提下把房间状态设置为公开。","無法公開此房間,因為你名字中沒有含有'TOH'"
EnterVentToWin,Enter Vent to Win!!,ベントに入って勝利しろ!!,跳管道来获得胜利！,跳管道來獲得勝利!!
PoisonButtonText,Poison,Poison,中毒,毒
FireworksPutPhase,Put {0} Fireworks,あと{0}個置け,还要安放{0}枚烟花,還需要安裝{0}枚煙火
FireworksWaitPhase,Wait for time...,時を待て...,耐心等待....,等待時機...
FireworksReadyFirePhase,Fire!,打ち上げろ！,"烟花来咯，大型烟花秀开始！","準備就緒,煙火秀開始!"
StandardHAS,Hide And Seek with Roles,役職入りでかくれんぼ,在躲猫猫模式中加入职业,在躲貓貓中加入多職業模式中的職業
StandardHASWaitingTime,Waiting Time,待機時間,躲猫猫等待时间,躲貓貓狼人等待時間
commandError,Error:%1$,エラー:%1$,错误:%1$,錯誤:%1$
InvalidArgs,Invalid Args,無効な引数,无效参数,無效的參數
On,ON,オン,开启,開啟
Off,OFF,オフ,关闭,關閉
ColoredOn,<color=#00fefe>ON</color>,<color=#00fefe>オン</color>,<color=#00fefe>开启</color>,<color=#00fefe>開啟</color>
ColoredOff,<color=#ff4c6f>OFF</color>,<color=#ff4c6f>オフ</color>,<color=#ff4c6f>关闭</color>,<color=#ff4c6f>關閉</color>
CurrentActiveSettingsHelp,Current active settings help,現在有効な設定の説明,当前启用设置及帮助,現在設定的模式和職業說明
WitchCurrentMode,Current Mode,現在のモード,当前游戏模式,現在模式
WitchModeKill,Kill,キル,击杀,殺人
WitchModeSpell,Spell,スペル,下咒,下咒
BountyCurrentTarget,Current Target,現在のターゲット,当前目标,目標
Roles,Roles,役職,职业,職業
Settings,Settings,設定,设定,設定
Attributes,Attributes,属性,属性,屬性
RoleAssignment,Role Assignment,ロール割り当て,职业分配,職業分配
LastResult,Last Result,試合結果,游戏结果,上一局的遊戲結果
Maximum,Maximum,最大数,最大量,最大數量
Rate0,0%,0%,0%,0%
Rate10,10%,10%,10%,10%
Rate20,20%,20%,20%,20%
Rate30,30%,30%,30%,30%
Rate40,40%,40%,40%,40%
Rate50,50%,50%,50%,50%
Rate60,60%,60%,60%,60%
Rate70,70%,70%,70%,70%
Rate80,80%,80%,80%,80%
Rate90,90%,90%,90%,90%
Rate100,100%,100%,100%,100%
Preset,Preset,プリセット,预设,設定檔
Preset_1,Preset 1,プリセット1,预设1,設定檔 1
Preset_2,Preset 2,プリセット2,预设2,設定檔 2
Preset_3,Preset 3,プリセット3,预设3,設定檔 3
Preset_4,Preset 4,プリセット4,预设4,設定檔 4
Preset_5,Preset 5,プリセット5,预设5,設定檔 5
Standard,Standard,スタンダード,标准,普通
GameMode,GameMode,ゲームモード,游戏模式,遊戲模式
PressTabToNextPage,Press Tab To Next Page...,Tabキーを押して次のページへ...,按tab键查看更多...,按下Tab以顯示下一頁...
RoleSummaryText,Players and roles at the end of the game:,ゲーム終了時の役職一覧:,游戏结束时玩家职业:,遊戲結束時玩家的職業:
doOverride,Override %role%'s Tasks,%role%のタスクを上書きする,特别设置%role%的任务数,特別設定%role%的任務
assignCommonTasks,%role% has Common Tasks,%role%に通常タスクを割り当てる,%role%的普通任务数,%role%有普通任務
roleLongTasksNum,%role% Long Tasks,%role%のロングタスクの数,%role%的长任务数,%role%的長任務數量
roleShortTasksNum,%role% Short Tasks,%role%のショートタスクの数,%role%的短任务数,%role%的短任務數量
KillButtonText,Kill,キル,击杀,殺死
SilenceButtonText,Silence,キル,击杀,殺死
InfectButtonText,Infect,キル,击杀,殺死
SniperSnipeButtonText,Snipe,狙撃,狙杀,狙擊
FireWorksExplosionButtonText,Fire,爆破,开炸,引爆
FireWorksInstallAtionButtonText,Set,設置,设置,安裝
SerialKillerSuicideButtonText,Until Suicide,自殺まで,自杀倒计时,自殺倒數
WarlockCurseButtonText,Curse,呪う,诅咒,詛咒
WitchSpellButtonText,Spell,スペル,下咒,下咒
VampireBiteButtonText,Bite,噛む,吸血,吸血
ArsonistDouseButtonText,Douse,塗る,涂油,澆油
PuppeteerOperateButtonText,Operate,操る,操控,操控
BountyHunterChangeButtonText,Swap,変更,变更,變更
DefaultShapeshiftText,SHIFT,変身,变身,變身
All,All,すべて,全部,全部
Archive,Archive,アーカイブ,文件,檔案
DisabledBySettings,Disabled by setting,設定で無効化されています,已在设置被中禁用,在設定中被禁用

